datetime,discharge_cms,,,,
1971/05/01,2170,,,,
1971/05/02,2040,,,,
1971/05/03,1930,,,,
1971/05/04,1790,,,,
1971/05/05,1710,,,,
1971/05/06,1620,,,,
1971/05/07,1560,,,,
1971/05/08,1490,,,,
1971/05/09,1420,,,,
1971/05/10,1370,,,,
1971/05/11,1330,,,,
1971/05/12,1290,,,,
1971/05/13,1240,,,,
1971/05/14,1190,,,,
1971/05/15,1140,,,,
1971/05/16,1090,,,,
1971/05/17,1040,,,,
1971/05/18,974,,,,
1971/05/19,926,,,,
1971/05/20,932,,,,
1971/05/21,1000,,,,
1971/05/22,980,,,,
1971/05/23,917,,,,
1971/05/24,852,,,,
1971/05/25,796,,,,
1971/05/26,753,,,,
1971/05/27,722,,,,
1971/05/28,697,,,,
1971/05/29,694,,,,
1971/05/30,705,,,,
1971/05/31,739,,,,
1971/06/01,790,,,,
1971/06/02,844,,,,
1971/06/03,900,,,,
1971/06/04,949,,,,
1971/06/05,943,,,,
1971/06/06,912,,,,
1971/06/07,915,,,,
1971/06/08,929,,,,
1971/06/09,951,,,,
1971/06/10,1010,,,,
1971/06/11,1180,,,,
1971/06/12,1610,,,,
1971/06/13,1830,,,,
1971/06/14,2230,,,,
1971/06/15,2640,,,,
1971/06/16,2620,,,,
1971/06/17,2320,,,,
1971/06/18,2080,,,,
1971/06/19,2090,,,,
1971/06/20,2300,,,,
1971/06/21,2340,,,,
1971/06/22,2420,,,,
1971/06/23,2360,,,,
1971/06/24,2150,,,,
1971/06/25,1930,,,,
1971/06/26,1800,,,,
1971/06/27,1750,,,,
1971/06/28,1800,,,,
1971/06/29,2020,,,,
1971/06/30,2340,,,,
1971/07/01,2490,,,,
1971/07/02,2490,,,,
1971/07/03,2340,,,,
1971/07/04,2150,,,,
1971/07/05,2060,,,,
1971/07/06,2120,,,,
1971/07/07,2370,,,,
1971/07/08,2920,,,,
1971/07/09,3230,,,,
1971/07/10,3230,,,,
1971/07/11,3230,,,,
1971/07/12,3370,,,,
1971/07/13,3430,,,,
1971/07/14,3400,,,,
1971/07/15,3540,,,,
1971/07/16,3910,,,,
1971/07/17,4190,,,,
1971/07/18,4130,,,,
1971/07/19,3820,,,,
1971/07/20,3430,,,,
1971/07/21,3090,,,,
1971/07/22,2830,,,,
1971/07/23,2580,,,,
1971/07/24,2340,,,,
1971/07/25,2170,,,,
1971/07/26,2060,,,,
1971/07/27,1970,,,,
1971/07/28,1920,,,,
1971/07/29,1900,,,,
1971/07/30,1910,,,,
1971/07/31,1840,,,,
1971/08/01,1690,,,,
1971/08/02,1580,,,,
1971/08/03,1510,,,,
1971/08/04,1470,,,,
1971/08/05,1410,,,,
1971/08/06,1350,,,,
1971/08/07,1330,,,,
1971/08/08,1310,,,,
1971/08/09,1310,,,,
1971/08/10,1310,,,,
1971/08/11,1270,,,,
1971/08/12,1240,,,,
1971/08/13,1230,,,,
1971/08/14,1230,,,,
1971/08/15,1250,,,,
1971/08/16,1220,,,,
1971/08/17,1170,,,,
1971/08/18,1140,,,,
1971/08/19,1130,,,,
1971/08/20,1120,,,,
1971/08/21,1090,,,,
1971/08/22,1060,,,,
1971/08/23,1020,,,,
1971/08/24,985,,,,
1971/08/25,946,,,,
1971/08/26,906,,,,
1971/08/27,867,,,,
1971/08/28,841,,,,
1971/08/29,841,,,,
1971/08/30,835,,,,
1971/08/31,824,,,,
1971/09/01,779,,,,
1971/09/02,770,,,,
1971/09/03,784,,,,
1971/09/04,773,,,,
1971/09/05,753,,,,
1971/09/06,748,,,,
1971/09/07,748,,,,
1971/09/08,753,,,,
1971/09/09,748,,,,
1971/09/10,716,,,,
1971/09/11,671,,,,
1971/09/12,634,,,,
1971/09/13,603,,,,
1971/09/14,597,,,,
1971/09/15,623,,,,
1971/09/16,620,,,,
1971/09/17,612,,,,
1971/09/18,637,,,,
1971/09/19,637,,,,
1971/09/20,677,,,,
1971/09/21,680,,,,
1971/09/22,640,,,,
1971/09/23,603,,,,
1971/09/24,566,,,,
1971/09/25,547,,,,
1971/09/26,541,,,,
1971/09/27,541,,,,
1971/09/28,541,,,,
1971/09/29,541,,,,
1971/09/30,535,,,,
1971/10/01,527,,,,
1971/10/02,530,,,,
1971/10/03,566,,,,
1971/10/04,617,,,,
1971/10/05,640,,,,
1971/10/06,629,,,,
1971/10/07,609,,,,
1971/10/08,589,,,,
1971/10/09,580,,,,
1971/10/10,580,,,,
1971/10/11,578,,,,
1971/10/12,575,,,,
1971/10/13,566,,,,
1971/10/14,572,,,,
1971/10/15,589,,,,
1971/10/16,609,,,,
1971/10/17,600,,,,
1971/10/18,572,,,,
1971/10/19,547,,,,
1971/10/20,532,,,,
1971/10/21,518,,,,
1971/10/22,507,,,,
1971/10/23,496,,,,
1971/10/24,484,,,,
1971/10/25,476,,,,
1971/10/26,459,,,,
1971/10/27,439,,,,
1971/10/28,425,,,,
1971/10/29,416,,,,
1971/10/30,408,,,,
1971/10/31,396,,,,
1971/11/01,391,,,,
1971/11/02,382,,,,
1971/11/03,377,,,,
1971/11/04,368,,,,
1971/11/05,360,,,,
1971/11/06,348,,,,
1971/11/07,340,,,,
1971/11/08,334,,,,
1971/11/09,328,,,,
1971/11/10,326,,,,
1971/11/11,323,,,,
1971/11/12,323,,,,
1971/11/13,326,,,,
1971/11/14,323,,,,
1971/11/15,320,,,,
1971/11/16,314,,,,
1971/11/17,311,,,,
1971/11/18,309,,,,
1971/11/19,306,,,,
1971/11/20,309,,,,
1971/11/21,311,,,,
1971/11/22,314,,,,
1971/11/23,317,,,,
1971/11/24,314,,,,
1971/11/25,311,,,,
1971/11/26,306,,,,
1971/11/27,300,,,,
1971/11/28,292,,,,
1971/11/29,283,,,,
1971/11/30,278,,,,
1971/12/01,269,,,,
1971/12/02,261,,,,
1971/12/03,252,,,,
1971/12/04,244,,,,
1971/12/05,235,,,,
1971/12/06,227,,,,
1971/12/07,221,,,,
1971/12/08,212,,,,
1971/12/09,207,,,,
1971/12/10,201,,,,
1971/12/11,198,,,,
1971/12/12,201,,,,
1971/12/13,207,,,,
1971/12/14,210,,,,
1971/12/15,204,,,,
1971/12/16,198,,,,
1971/12/17,193,,,,
1971/12/18,190,,,,
1971/12/19,187,,,,
1971/12/20,181,,,,
1971/12/21,178,,,,
1971/12/22,178,,,,
1971/12/23,176,,,,
1971/12/24,173,,,,
1971/12/25,170,,,,
1971/12/26,170,,,,
1971/12/27,167,,,,
1971/12/28,167,,,,
1971/12/29,164,,,,
1971/12/30,164,,,,
1971/12/31,167,,,,
1972/01/01,135,,,,
1972/01/02,139,,,,
1972/01/03,144,,,,
1972/01/04,146,,,,
1972/01/05,145,,,,
1972/01/06,144,,,,
1972/01/07,139,,,,
1972/01/08,137,,,,
1972/01/09,134,,,,
1972/01/10,135,,,,
1972/01/11,135,,,,
1972/01/12,138,,,,
1972/01/13,139,,,,
1972/01/14,142,,,,
1972/01/15,144,,,,
1972/01/16,147,,,,
1972/01/17,150,,,,
1972/01/18,152,,,,
1972/01/19,150,,,,
1972/01/20,149,,,,
1972/01/21,147,,,,
1972/01/22,148,,,,
1972/01/23,147,,,,
1972/01/24,146,,,,
1972/01/25,145,,,,
1972/01/26,147,,,,
1972/01/27,144,,,,
1972/01/28,141,,,,
1972/01/29,137,,,,
1972/01/30,137,,,,
1972/01/31,138,,,,
1972/02/01,136,,,,
1972/02/02,133,,,,
1972/02/03,130,,,,
1972/02/04,128,,,,
1972/02/05,123,,,,
1972/02/06,133,,,,
1972/02/07,132,,,,
1972/02/08,130,,,,
1972/02/09,129,,,,
1972/02/10,128,,,,
1972/02/11,128,,,,
1972/02/12,127,,,,
1972/02/13,128,,,,
1972/02/14,127,,,,
1972/02/15,126,,,,
1972/02/16,125,,,,
1972/02/17,125,,,,
1972/02/18,125,,,,
1972/02/19,128,,,,
1972/02/20,131,,,,
1972/02/21,134,,,,
1972/02/22,138,,,,
1972/02/23,141,,,,
1972/02/24,144,,,,
1972/02/25,147,,,,
1972/02/26,151,,,,
1972/02/27,154,,,,
1972/02/28,157,,,,
1972/02/29,160,,,,
1972/03/01,163,,,,
1972/03/02,167,,,,
1972/03/03,170,,,,
1972/03/04,173,,,,
1972/03/05,176,,,,
1972/03/06,180,,,,
1972/03/07,183,,,,
1972/03/08,186,,,,
1972/03/09,189,,,,
1972/03/10,193,,,,
1972/03/11,196,,,,
1972/03/12,199,,,,
1972/03/13,202,,,,
1972/03/14,206,,,,
1972/03/15,209,,,,
1972/03/16,212,,,,
1972/03/17,215,,,,
1972/03/18,219,,,,
1972/03/19,222,,,,
1972/03/20,225,,,,
1972/03/21,229,,,,
1972/03/22,232,,,,
1972/03/23,235,,,,
1972/03/24,238,,,,
1972/03/25,241,,,,
1972/03/26,245,,,,
1972/03/27,248,,,,
1972/03/28,251,,,,
1972/03/29,254,,,,
1972/03/30,258,,,,
1972/03/31,261,,,,
1972/04/01,264,,,,
1972/04/02,267,,,,
1972/04/03,270,,,,
1972/04/04,274,,,,
1972/04/05,277,,,,
1972/04/06,280,,,,
1972/04/07,283,,,,
1972/04/08,286,,,,
1972/04/09,289,,,,
1972/04/10,294,,,,
1972/04/11,297,,,,
1972/04/12,300,,,,
1972/04/13,303,,,,
1972/04/14,320,,,,
1972/04/15,340,,,,
1972/04/16,360,,,,
1972/04/17,371,,,,
1972/04/18,385,,,,
1972/04/19,428,,,,
1972/04/20,507,,,,
1972/04/21,592,,,,
1972/04/22,646,,,,
1972/04/23,680,,,,
1972/04/24,748,,,,
1972/04/25,745,,,,
1972/04/26,739,,,,
1972/04/27,739,,,,
1972/04/28,742,,,,
1972/04/29,742,,,,
1972/04/30,742,,,,
1972/05/01,742,,,,
1972/05/02,1070,,,,
1972/05/03,1400,,,,
1972/05/04,1740,,,,
1972/05/05,2060,,,,
1972/05/06,2400,,,,
1972/05/07,2730,,,,
1972/05/08,3060,,,,
1972/05/09,2890,,,,
1972/05/10,2740,,,,
1972/05/11,2590,,,,
1972/05/12,2430,,,,
1972/05/13,2270,,,,
1972/05/14,2120,,,,
1972/05/15,1960,,,,
1972/05/16,1800,,,,
1972/05/17,1760,,,,
1972/05/18,1700,,,,
1972/05/19,1700,,,,
1972/05/20,1700,,,,
1972/05/21,1700,,,,
1972/05/22,1680,,,,
1972/05/23,1830,,,,
1972/05/24,2110,,,,
1972/05/25,2070,,,,
1972/05/26,1920,,,,
1972/05/27,1840,,,,
1972/05/28,1860,,,,
1972/05/29,1840,,,,
1972/05/30,1740,,,,
1972/05/31,1610,,,,
1972/06/01,1490,,,,
1972/06/02,1370,,,,
1972/06/03,1300,,,,
1972/06/04,1300,,,,
1972/06/05,1380,,,,
1972/06/06,1530,,,,
1972/06/07,1670,,,,
1972/06/08,1660,,,,
1972/06/09,1510,,,,
1972/06/10,1350,,,,
1972/06/11,1240,,,,
1972/06/12,1190,,,,
1972/06/13,1220,,,,
1972/06/14,1310,,,,
1972/06/15,1410,,,,
1972/06/16,1600,,,,
1972/06/17,2130,,,,
1972/06/18,2550,,,,
1972/06/19,2630,,,,
1972/06/20,2470,,,,
1972/06/21,2310,,,,
1972/06/22,2240,,,,
1972/06/23,2230,,,,
1972/06/24,2110,,,,
1972/06/25,1950,,,,
1972/06/26,1810,,,,
1972/06/27,1770,,,,
1972/06/28,1850,,,,
1972/06/29,1930,,,,
1972/06/30,2490,,,,
1972/07/01,3110,,,,
1972/07/02,3260,,,,
1972/07/03,2970,,,,
1972/07/04,2620,,,,
1972/07/05,2430,,,,
1972/07/06,2290,,,,
1972/07/07,2040,,,,
1972/07/08,1810,,,,
1972/07/09,1630,,,,
1972/07/10,1530,,,,
1972/07/11,1480,,,,
1972/07/12,1460,,,,
1972/07/13,1470,,,,
1972/07/14,1540,,,,
1972/07/15,1650,,,,
1972/07/16,1650,,,,
1972/07/17,1560,,,,
1972/07/18,1430,,,,
1972/07/19,1330,,,,
1972/07/20,1270,,,,
1972/07/21,1240,,,,
1972/07/22,1210,,,,
1972/07/23,1170,,,,
1972/07/24,1140,,,,
1972/07/25,1110,,,,
1972/07/26,1110,,,,
1972/07/27,1080,,,,
1972/07/28,1030,,,,
1972/07/29,994,,,,
1972/07/30,971,,,,
1972/07/31,1020,,,,
1972/08/01,988,,,,
1972/08/02,1160,,,,
1972/08/03,1150,,,,
1972/08/04,1140,,,,
1972/08/05,1110,,,,
1972/08/06,1080,,,,
1972/08/07,1050,,,,
1972/08/08,1030,,,,
1972/08/09,1000,,,,
1972/08/10,974,,,,
1972/08/11,951,,,,
1972/08/12,934,,,,
1972/08/13,920,,,,
1972/08/14,915,,,,
1972/08/15,946,,,,
1972/08/16,1010,,,,
1972/08/17,1060,,,,
1972/08/18,1070,,,,
1972/08/19,1020,,,,
1972/08/20,954,,,,
1972/08/21,892,,,,
1972/08/22,838,,,,
1972/08/23,801,,,,
1972/08/24,790,,,,
1972/08/25,801,,,,
1972/08/26,776,,,,
1972/08/27,731,,,,
1972/08/28,685,,,,
1972/08/29,660,,,,
1972/08/30,657,,,,
1972/08/31,660,,,,
1972/09/01,640,,,,
1972/09/02,623,,,,
1972/09/03,609,,,,
1972/09/04,600,,,,
1972/09/05,595,,,,
1972/09/06,597,,,,
1972/09/07,623,,,,
1972/09/08,629,,,,
1972/09/09,580,,,,
1972/09/10,538,,,,
1972/09/11,515,,,,
1972/09/12,501,,,,
1972/09/13,501,,,,
1972/09/14,541,,,,
1972/09/15,578,,,,
1972/09/16,569,,,,
1972/09/17,547,,,,
1972/09/18,535,,,,
1972/09/19,532,,,,
1972/09/20,521,,,,
1972/09/21,515,,,,
1972/09/22,504,,,,
1972/09/23,504,,,,
1972/09/24,510,,,,
1972/09/25,515,,,,
1972/09/26,515,,,,
1972/09/27,513,,,,
1972/09/28,515,,,,
1972/09/29,515,,,,
1972/09/30,510,,,,
1972/10/01,507,,,,
1972/10/02,498,,,,
1972/10/03,496,,,,
1972/10/04,484,,,,
1972/10/05,481,,,,
1972/10/06,476,,,,
1972/10/07,481,,,,
1972/10/08,504,,,,
1972/10/09,569,,,,
1972/10/10,646,,,,
1972/10/11,665,,,,
1972/10/12,654,,,,
1972/10/13,629,,,,
1972/10/14,626,,,,
1972/10/15,617,,,,
1972/10/16,654,,,,
1972/10/17,691,,,,
1972/10/18,682,,,,
1972/10/19,637,,,,
1972/10/20,629,,,,
1972/10/21,629,,,,
1972/10/22,603,,,,
1972/10/23,575,,,,
1972/10/24,561,,,,
1972/10/25,555,,,,
1972/10/26,547,,,,
1972/10/27,549,,,,
1972/10/28,552,,,,
1972/10/29,555,,,,
1972/10/30,558,,,,
1972/10/31,558,,,,
1972/11/01,552,,,,
1972/11/02,549,,,,
1972/11/03,547,,,,
1972/11/04,544,,,,
1972/11/05,538,,,,
1972/11/06,527,,,,
1972/11/07,518,,,,
1972/11/08,513,,,,
1972/11/09,496,,,,
1972/11/10,481,,,,
1972/11/11,476,,,,
1972/11/12,453,,,,
1972/11/13,439,,,,
1972/11/14,425,,,,
1972/11/15,411,,,,
1972/11/16,396,,,,
1972/11/17,382,,,,
1972/11/18,368,,,,
1972/11/19,354,,,,
1972/11/20,340,,,,
1972/11/21,326,,,,
1972/11/22,311,,,,
1972/11/23,303,,,,
1972/11/24,292,,,,
1972/11/25,283,,,,
1972/11/26,273,,,,
1972/11/27,264,,,,
1972/11/28,244,,,,
1972/11/29,225,,,,
1972/11/30,206,,,,
1972/12/01,187,,,,
1972/12/02,168,,,,
1972/12/03,149,,,,
1972/12/04,136,,,,
1972/12/05,134,,,,
1972/12/06,144,,,,
1972/12/07,152,,,,
1972/12/08,157,,,,
1972/12/09,161,,,,
1972/12/10,160,,,,
1972/12/11,153,,,,
1972/12/12,155,,,,
1972/12/13,172,,,,
1972/12/14,198,,,,
1972/12/15,210,,,,
1972/12/16,212,,,,
1972/12/17,209,,,,
1972/12/18,206,,,,
1972/12/19,203,,,,
1972/12/20,198,,,,
1972/12/21,200,,,,
1972/12/22,204,,,,
1972/12/23,209,,,,
1972/12/24,219,,,,
1972/12/25,235,,,,
1972/12/26,247,,,,
1972/12/27,255,,,,
1972/12/28,260,,,,
1972/12/29,264,,,,
1972/12/30,268,,,,
1972/12/31,268,,,,
1973/01/01,266,,,,
1973/01/02,272,,,,
1973/01/03,276,,,,
1973/01/04,282,,,,
1973/01/05,286,,,,
1973/01/06,280,,,,
1973/01/07,274,,,,
1973/01/08,266,,,,
1973/01/09,259,,,,
1973/01/10,254,,,,
1973/01/11,250,,,,
1973/01/12,240,,,,
1973/01/13,233,,,,
1973/01/14,229,,,,
1973/01/15,226,,,,
1973/01/16,226,,,,
1973/01/17,225,,,,
1973/01/18,221,,,,
1973/01/19,216,,,,
1973/01/20,212,,,,
1973/01/21,212,,,,
1973/01/22,212,,,,
1973/01/23,211,,,,
1973/01/24,211,,,,
1973/01/25,211,,,,
1973/01/26,212,,,,
1973/01/27,214,,,,
1973/01/28,215,,,,
1973/01/29,216,,,,
1973/01/30,219,,,,
1973/01/31,222,,,,
1973/02/01,222,,,,
1973/02/02,222,,,,
1973/02/03,222,,,,
1973/02/04,222,,,,
1973/02/05,222,,,,
1973/02/06,221,,,,
1973/02/07,219,,,,
1973/02/08,218,,,,
1973/02/09,215,,,,
1973/02/10,212,,,,
1973/02/11,210,,,,
1973/02/12,208,,,,
1973/02/13,208,,,,
1973/02/14,208,,,,
1973/02/15,206,,,,
1973/02/16,202,,,,
1973/02/17,199,,,,
1973/02/18,195,,,,
1973/02/19,191,,,,
1973/02/20,185,,,,
1973/02/21,179,,,,
1973/02/22,177,,,,
1973/02/23,175,,,,
1973/02/24,176,,,,
1973/02/25,175,,,,
1973/02/26,172,,,,
1973/02/27,170,,,,
1973/02/28,170,,,,
1973/03/01,170,,,,
1973/03/02,170,,,,
1973/03/03,172,,,,
1973/03/04,174,,,,
1973/03/05,175,,,,
1973/03/06,176,,,,
1973/03/07,176,,,,
1973/03/08,176,,,,
1973/03/09,176,,,,
1973/03/10,176,,,,
1973/03/11,176,,,,
1973/03/12,177,,,,
1973/03/13,177,,,,
1973/03/14,177,,,,
1973/03/15,178,,,,
1973/03/16,181,,,,
1973/03/17,182,,,,
1973/03/18,183,,,,
1973/03/19,184,,,,
1973/03/20,184,,,,
1973/03/21,184,,,,
1973/03/22,184,,,,
1973/03/23,184,,,,
1973/03/24,184,,,,
1973/03/25,184,,,,
1973/03/26,187,,,,
1973/03/27,189,,,,
1973/03/28,189,,,,
1973/03/29,191,,,,
1973/03/30,194,,,,
1973/03/31,195,,,,
1973/04/01,200,,,,
1973/04/02,207,,,,
1973/04/03,212,,,,
1973/04/04,218,,,,
1973/04/05,226,,,,
1973/04/06,235,,,,
1973/04/07,242,,,,
1973/04/08,254,,,,
1973/04/09,262,,,,
1973/04/10,270,,,,
1973/04/11,283,,,,
1973/04/12,300,,,,
1973/04/13,320,,,,
1973/04/14,351,,,,
1973/04/15,394,,,,
1973/04/16,453,,,,
1973/04/17,498,,,,
1973/04/18,524,,,,
1973/04/19,538,,,,
1973/04/20,597,,,,
1973/04/21,660,,,,
1973/04/22,847,,,,
1973/04/23,1040,,,,
1973/04/24,1050,,,,
1973/04/25,1020,,,,
1973/04/26,1030,,,,
1973/04/27,1030,,,,
1973/04/28,1070,,,,
1973/04/29,1100,,,,
1973/04/30,1110,,,,
1973/05/01,1140,,,,
1973/05/02,1070,,,,
1973/05/03,1040,,,,
1973/05/04,1040,,,,
1973/05/05,1080,,,,
1973/05/06,1080,,,,
1973/05/07,1060,,,,
1973/05/08,1040,,,,
1973/05/09,1040,,,,
1973/05/10,1120,,,,
1973/05/11,1250,,,,
1973/05/12,1340,,,,
1973/05/13,1380,,,,
1973/05/14,1370,,,,
1973/05/15,1350,,,,
1973/05/16,1300,,,,
1973/05/17,1220,,,,
1973/05/18,1150,,,,
1973/05/19,1090,,,,
1973/05/20,1040,,,,
1973/05/21,1030,,,,
1973/05/22,1070,,,,
1973/05/23,1210,,,,
1973/05/24,1420,,,,
1973/05/25,1550,,,,
1973/05/26,1600,,,,
1973/05/27,1570,,,,
1973/05/28,1460,,,,
1973/05/29,1350,,,,
1973/05/30,1270,,,,
1973/05/31,1300,,,,
1973/06/01,1540,,,,
1973/06/02,1790,,,,
1973/06/03,2010,,,,
1973/06/04,2060,,,,
1973/06/05,2000,,,,
1973/06/06,1970,,,,
1973/06/07,1950,,,,
1973/06/08,1880,,,,
1973/06/09,1850,,,,
1973/06/10,1890,,,,
1973/06/11,1890,,,,
1973/06/12,1900,,,,
1973/06/13,1910,,,,
1973/06/14,1940,,,,
1973/06/15,1880,,,,
1973/06/16,1790,,,,
1973/06/17,1910,,,,
1973/06/18,2330,,,,
1973/06/19,2560,,,,
1973/06/20,2630,,,,
1973/06/21,2690,,,,
1973/06/22,2670,,,,
1973/06/23,2510,,,,
1973/06/24,2290,,,,
1973/06/25,2120,,,,
1973/06/26,1980,,,,
1973/06/27,1880,,,,
1973/06/28,1830,,,,
1973/06/29,1920,,,,
1973/06/30,2340,,,,
1973/07/01,2530,,,,
1973/07/02,2410,,,,
1973/07/03,2180,,,,
1973/07/04,2000,,,,
1973/07/05,1880,,,,
1973/07/06,1780,,,,
1973/07/07,1690,,,,
1973/07/08,1600,,,,
1973/07/09,1530,,,,
1973/07/10,1470,,,,
1973/07/11,1460,,,,
1973/07/12,1510,,,,
1973/07/13,1560,,,,
1973/07/14,1540,,,,
1973/07/15,1500,,,,
1973/07/16,1440,,,,
1973/07/17,1380,,,,
1973/07/18,1360,,,,
1973/07/19,1380,,,,
1973/07/20,1330,,,,
1973/07/21,1260,,,,
1973/07/22,1210,,,,
1973/07/23,1210,,,,
1973/07/24,1220,,,,
1973/07/25,1190,,,,
1973/07/26,1150,,,,
1973/07/27,1120,,,,
1973/07/28,1120,,,,
1973/07/29,1150,,,,
1973/07/30,1160,,,,
1973/07/31,1160,,,,
1973/08/01,1120,,,,
1973/08/02,1140,,,,
1973/08/03,1010,,,,
1973/08/04,994,,,,
1973/08/05,1020,,,,
1973/08/06,1030,,,,
1973/08/07,1130,,,,
1973/08/08,1490,,,,
1973/08/09,1830,,,,
1973/08/10,1950,,,,
1973/08/11,1980,,,,
1973/08/12,2000,,,,
1973/08/13,2000,,,,
1973/08/14,1920,,,,
1973/08/15,1780,,,,
1973/08/16,1650,,,,
1973/08/17,1570,,,,
1973/08/18,1510,,,,
1973/08/19,1420,,,,
1973/08/20,1350,,,,
1973/08/21,1290,,,,
1973/08/22,1240,,,,
1973/08/23,1220,,,,
1973/08/24,1220,,,,
1973/08/25,1190,,,,
1973/08/26,1230,,,,
1973/08/27,1080,,,,
1973/08/28,1020,,,,
1973/08/29,977,,,,
1973/08/30,949,,,,
1973/08/31,932,,,,
1973/09/01,915,,,,
1973/09/02,895,,,,
1973/09/03,875,,,,
1973/09/04,855,,,,
1973/09/05,838,,,,
1973/09/06,810,,,,
1973/09/07,779,,,,
1973/09/08,753,,,,
1973/09/09,731,,,,
1973/09/10,748,,,,
1973/09/11,767,,,,
1973/09/12,784,,,,
1973/09/13,804,,,,
1973/09/14,821,,,,
1973/09/15,841,,,,
1973/09/16,858,,,,
1973/09/17,878,,,,
1973/09/18,895,,,,
1973/09/19,909,,,,
1973/09/20,909,,,,
1973/09/21,898,,,,
1973/09/22,864,,,,
1973/09/23,813,,,,
1973/09/24,779,,,,
1973/09/25,759,,,,
1973/09/26,742,,,,
1973/09/27,733,,,,
1973/09/28,711,,,,
1973/09/29,708,,,,
1973/09/30,708,,,,
1973/10/01,711,,,,
1973/10/02,711,,,,
1973/10/03,714,,,,
1973/10/04,714,,,,
1973/10/05,714,,,,
1973/10/06,716,,,,
1973/10/07,716,,,,
1973/10/08,779,,,,
1973/10/09,827,,,,
1973/10/10,838,,,,
1973/10/11,850,,,,
1973/10/12,861,,,,
1973/10/13,872,,,,
1973/10/14,883,,,,
1973/10/15,895,,,,
1973/10/16,881,,,,
1973/10/17,864,,,,
1973/10/18,838,,,,
1973/10/19,818,,,,
1973/10/20,804,,,,
1973/10/21,790,,,,
1973/10/22,773,,,,
1973/10/23,759,,,,
1973/10/24,742,,,,
1973/10/25,739,,,,
1973/10/26,736,,,,
1973/10/27,750,,,,
1973/10/28,765,,,,
1973/10/29,793,,,,
1973/10/30,818,,,,
1973/10/31,833,,,,
1973/11/01,841,,,,
1973/11/02,850,,,,
1973/11/03,833,,,,
1973/11/04,756,,,,
1973/11/05,651,,,,
1973/11/06,566,,,,
1973/11/07,481,,,,
1973/11/08,447,,,,
1973/11/09,445,,,,
1973/11/10,442,,,,
1973/11/11,442,,,,
1973/11/12,439,,,,
1973/11/13,436,,,,
1973/11/14,428,,,,
1973/11/15,422,,,,
1973/11/16,413,,,,
1973/11/17,405,,,,
1973/11/18,396,,,,
1973/11/19,391,,,,
1973/11/20,382,,,,
1973/11/21,377,,,,
1973/11/22,371,,,,
1973/11/23,368,,,,
1973/11/24,365,,,,
1973/11/25,365,,,,
1973/11/26,362,,,,
1973/11/27,360,,,,
1973/11/28,357,,,,
1973/11/29,354,,,,
1973/11/30,351,,,,
1973/12/01,351,,,,
1973/12/02,348,,,,
1973/12/03,345,,,,
1973/12/04,345,,,,
1973/12/05,343,,,,
1973/12/06,340,,,,
1973/12/07,340,,,,
1973/12/08,337,,,,
1973/12/09,334,,,,
1973/12/10,334,,,,
1973/12/11,331,,,,
1973/12/12,328,,,,
1973/12/13,328,,,,
1973/12/14,326,,,,
1973/12/15,323,,,,
1973/12/16,323,,,,
1973/12/17,320,,,,
1973/12/18,317,,,,
1973/12/19,317,,,,
1973/12/20,314,,,,
1973/12/21,311,,,,
1973/12/22,311,,,,
1973/12/23,309,,,,
1973/12/24,306,,,,
1973/12/25,306,,,,
1973/12/26,303,,,,
1973/12/27,300,,,,
1973/12/28,300,,,,
1973/12/29,297,,,,
1973/12/30,294,,,,
1973/12/31,294,,,,
1974/01/01,276,,,,
1974/01/02,278,,,,
1974/01/03,278,,,,
1974/01/04,279,,,,
1974/01/05,278,,,,
1974/01/06,278,,,,
1974/01/07,279,,,,
1974/01/08,281,,,,
1974/01/09,283,,,,
1974/01/10,280,,,,
1974/01/11,278,,,,
1974/01/12,276,,,,
1974/01/13,273,,,,
1974/01/14,272,,,,
1974/01/15,271,,,,
1974/01/16,270,,,,
1974/01/17,268,,,,
1974/01/18,268,,,,
1974/01/19,266,,,,
1974/01/20,265,,,,
1974/01/21,264,,,,
1974/01/22,263,,,,
1974/01/23,262,,,,
1974/01/24,261,,,,
1974/01/25,260,,,,
1974/01/26,259,,,,
1974/01/27,258,,,,
1974/01/28,257,,,,
1974/01/29,256,,,,
1974/01/30,255,,,,
1974/01/31,254,,,,
1974/02/01,253,,,,
1974/02/02,252,,,,
1974/02/03,251,,,,
1974/02/04,250,,,,
1974/02/05,249,,,,
1974/02/06,248,,,,
1974/02/07,247,,,,
1974/02/08,246,,,,
1974/02/09,245,,,,
1974/02/10,244,,,,
1974/02/11,242,,,,
1974/02/12,241,,,,
1974/02/13,240,,,,
1974/02/14,239,,,,
1974/02/15,238,,,,
1974/02/16,237,,,,
1974/02/17,236,,,,
1974/02/18,235,,,,
1974/02/19,234,,,,
1974/02/20,233,,,,
1974/02/21,232,,,,
1974/02/22,232,,,,
1974/02/23,231,,,,
1974/02/24,230,,,,
1974/02/25,231,,,,
1974/02/26,231,,,,
1974/02/27,231,,,,
1974/02/28,231,,,,
1974/03/01,231,,,,
1974/03/02,231,,,,
1974/03/03,232,,,,
1974/03/04,232,,,,
1974/03/05,231,,,,
1974/03/06,231,,,,
1974/03/07,231,,,,
1974/03/08,228,,,,
1974/03/09,225,,,,
1974/03/10,222,,,,
1974/03/11,221,,,,
1974/03/12,221,,,,
1974/03/13,222,,,,
1974/03/14,221,,,,
1974/03/15,221,,,,
1974/03/16,221,,,,
1974/03/17,221,,,,
1974/03/18,220,,,,
1974/03/19,218,,,,
1974/03/20,217,,,,
1974/03/21,216,,,,
1974/03/22,215,,,,
1974/03/23,213,,,,
1974/03/24,210,,,,
1974/03/25,209,,,,
1974/03/26,208,,,,
1974/03/27,207,,,,
1974/03/28,208,,,,
1974/03/29,208,,,,
1974/03/30,207,,,,
1974/03/31,208,,,,
1974/04/01,208,,,,
1974/04/02,208,,,,
1974/04/03,209,,,,
1974/04/04,210,,,,
1974/04/05,209,,,,
1974/04/06,210,,,,
1974/04/07,210,,,,
1974/04/08,211,,,,
1974/04/09,212,,,,
1974/04/10,214,,,,
1974/04/11,216,,,,
1974/04/12,229,,,,
1974/04/13,246,,,,
1974/04/14,266,,,,
1974/04/15,289,,,,
1974/04/16,323,,,,
1974/04/17,371,,,,
1974/04/18,456,,,,
1974/04/19,637,,,,
1974/07/05,1510,,,,
1974/07/06,1400,,,,
1974/07/07,1350,,,,
1974/07/08,1420,,,,
1974/07/09,1420,,,,
1974/07/10,1360,,,,
1974/07/11,1320,,,,
1974/07/12,1350,,,,
1974/07/13,1380,,,,
1974/07/14,1490,,,,
1974/07/15,1750,,,,
1974/07/16,2090,,,,
1974/07/17,2570,,,,
1974/07/18,2890,,,,
1974/07/19,2860,,,,
1974/07/20,2670,,,,
1974/07/21,2550,,,,
1974/07/22,2530,,,,
1974/07/23,2470,,,,
1974/07/24,2320,,,,
1974/07/25,2180,,,,
1974/07/26,2130,,,,
1974/07/27,2060,,,,
1974/07/28,1910,,,,
1974/07/29,1760,,,,
1974/07/30,1640,,,,
1974/07/31,1560,,,,
1974/08/01,1510,,,,
1974/08/02,1500,,,,
1974/08/03,1460,,,,
1974/08/04,1420,,,,
1974/08/05,1410,,,,
1974/08/06,1420,,,,
1974/08/07,1420,,,,
1974/08/08,1360,,,,
1974/08/09,1290,,,,
1974/08/10,1240,,,,
1974/08/11,1210,,,,
1974/08/12,1220,,,,
1974/08/13,1210,,,,
1974/08/14,1180,,,,
1974/08/15,1110,,,,
1974/08/16,1020,,,,
1974/08/17,954,,,,
1974/08/18,929,,,,
1974/08/19,923,,,,
1974/08/20,903,,,,
1974/08/21,872,,,,
1974/08/22,841,,,,
1974/08/23,810,,,,
1974/08/24,799,,,,
1974/08/25,801,,,,
1974/08/26,861,,,,
1974/08/27,960,,,,
1974/08/28,1010,,,,
1974/08/29,988,,,,
1974/08/30,957,,,,
1974/08/31,963,,,,
1974/09/01,1000,,,,
1974/09/02,1010,,,,
1974/09/03,977,,,,
1974/09/04,917,,,,
1974/09/05,886,,,,
1974/09/06,847,,,,
1974/09/07,821,,,,
1974/09/08,824,,,,
1974/09/09,827,,,,
1974/09/10,810,,,,
1974/09/11,787,,,,
1974/09/12,773,,,,
1974/09/13,782,,,,
1974/09/14,827,,,,
1974/09/15,883,,,,
1974/09/16,909,,,,
1974/09/17,926,,,,
1974/09/18,960,,,,
1974/09/19,943,,,,
1974/09/20,886,,,,
1974/09/21,830,,,,
1974/09/22,784,,,,
1974/09/23,759,,,,
1974/09/24,739,,,,
1974/09/25,719,,,,
1974/09/26,708,,,,
1974/09/27,699,,,,
1974/09/28,671,,,,
1974/09/29,646,,,,
1974/09/30,631,,,,
1974/10/01,626,,,,
1974/10/02,603,,,,
1974/10/03,600,,,,
1974/10/04,595,,,,
1974/10/05,595,,,,
1974/10/06,583,,,,
1974/10/07,572,,,,
1974/10/08,558,,,,
1974/10/09,549,,,,
1974/10/10,547,,,,
1974/10/11,552,,,,
1974/10/12,580,,,,
1974/10/13,583,,,,
1974/10/14,569,,,,
1974/10/15,558,,,,
1974/10/16,555,,,,
1974/10/17,558,,,,
1974/10/18,580,,,,
1974/10/19,597,,,,
1974/10/20,597,,,,
1974/10/21,595,,,,
1974/10/22,595,,,,
1974/10/23,606,,,,
1974/10/24,592,,,,
1974/10/25,575,,,,
1974/10/26,575,,,,
1974/10/27,583,,,,
1974/10/28,597,,,,
1974/10/29,614,,,,
1974/10/30,617,,,,
1974/10/31,603,,,,
1974/11/01,583,,,,
1974/11/02,569,,,,
1974/11/03,555,,,,
1974/11/04,541,,,,
1974/11/05,521,,,,
1974/11/06,527,,,,
1974/11/07,515,,,,
1974/11/08,476,,,,
1974/11/09,462,,,,
1974/11/10,442,,,,
1974/11/11,402,,,,
1974/11/12,391,,,,
1974/11/13,357,,,,
1974/11/14,345,,,,
1974/11/15,337,,,,
1974/11/16,331,,,,
1974/11/17,323,,,,
1974/11/18,320,,,,
1974/11/19,314,,,,
1974/11/20,309,,,,
1974/11/21,306,,,,
1974/11/22,300,,,,
1974/11/23,294,,,,
1974/11/24,289,,,,
1974/11/25,286,,,,
1974/11/26,275,,,,
1974/11/27,266,,,,
1974/11/28,249,,,,
1974/11/29,232,,,,
1974/11/30,221,,,,
1974/12/01,204,,,,
1974/12/02,190,,,,
1974/12/03,173,,,,
1974/12/04,173,,,,
1974/12/05,176,,,,
1974/12/06,190,,,,
1974/12/07,221,,,,
1974/12/08,235,,,,
1974/12/09,244,,,,
1974/12/10,251,,,,
1974/12/11,255,,,,
1974/12/12,261,,,,
1974/12/13,266,,,,
1974/12/14,269,,,,
1974/12/15,275,,,,
1974/12/16,278,,,,
1974/12/17,283,,,,
1974/12/18,286,,,,
1974/12/19,289,,,,
1974/12/20,289,,,,
1974/12/21,292,,,,
1974/12/22,292,,,,
1974/12/23,292,,,,
1974/12/24,289,,,,
1974/12/25,289,,,,
1974/12/26,289,,,,
1974/12/27,286,,,,
1974/12/28,286,,,,
1974/12/29,283,,,,
1974/12/30,280,,,,
1974/12/31,280,,,,
1975/01/01,278,,,,
1975/01/02,269,,,,
1975/01/03,266,,,,
1975/01/04,261,,,,
1975/01/05,258,,,,
1975/01/06,255,,,,
1975/01/07,252,,,,
1975/01/08,249,,,,
1975/01/09,246,,,,
1975/01/10,244,,,,
1975/01/11,241,,,,
1975/01/12,235,,,,
1975/01/13,232,,,,
1975/01/14,229,,,,
1975/01/15,229,,,,
1975/01/16,227,,,,
1975/01/17,224,,,,
1975/01/18,221,,,,
1975/01/19,218,,,,
1975/01/20,215,,,,
1975/01/21,212,,,,
1975/01/22,212,,,,
1975/01/23,210,,,,
1975/01/24,207,,,,
1975/01/25,204,,,,
1975/01/26,204,,,,
1975/01/27,201,,,,
1975/01/28,201,,,,
1975/01/29,198,,,,
1975/01/30,198,,,,
1975/01/31,198,,,,
1975/02/01,198,,,,
1975/02/02,198,,,,
1975/02/03,198,,,,
1975/02/04,198,,,,
1975/02/05,198,,,,
1975/02/06,198,,,,
1975/02/07,198,,,,
1975/02/08,198,,,,
1975/02/09,198,,,,
1975/02/10,195,,,,
1975/02/11,198,,,,
1975/02/12,198,,,,
1975/02/13,198,,,,
1975/02/14,198,,,,
1975/02/15,198,,,,
1975/02/16,198,,,,
1975/02/17,198,,,,
1975/02/18,198,,,,
1975/02/19,198,,,,
1975/02/20,198,,,,
1975/02/21,198,,,,
1975/02/22,198,,,,
1975/02/23,198,,,,
1975/02/24,198,,,,
1975/02/25,201,,,,
1975/02/26,201,,,,
1975/02/27,201,,,,
1975/02/28,201,,,,
1975/03/01,204,,,,
1975/03/02,204,,,,
1975/03/03,204,,,,
1975/03/04,207,,,,
1975/03/05,207,,,,
1975/03/06,210,,,,
1975/03/07,210,,,,
1975/03/08,210,,,,
1975/03/09,210,,,,
1975/03/10,212,,,,
1975/03/11,212,,,,
1975/03/12,215,,,,
1975/03/13,215,,,,
1975/03/14,215,,,,
1975/03/15,215,,,,
1975/03/16,215,,,,
1975/03/17,215,,,,
1975/03/18,218,,,,
1975/03/19,218,,,,
1975/03/20,218,,,,
1975/03/21,221,,,,
1975/03/22,221,,,,
1975/03/23,221,,,,
1975/03/24,221,,,,
1975/03/25,224,,,,
1975/03/26,224,,,,
1975/03/27,224,,,,
1975/03/28,224,,,,
1975/03/29,227,,,,
1975/03/30,227,,,,
1975/03/31,227,,,,
1975/04/01,227,,,,
1975/04/02,229,,,,
1975/04/03,229,,,,
1975/04/04,229,,,,
1975/04/05,232,,,,
1975/04/06,232,,,,
1975/04/07,235,,,,
1975/04/08,235,,,,
1975/04/09,238,,,,
1975/04/10,238,,,,
1975/04/11,241,,,,
1975/04/12,241,,,,
1975/04/13,244,,,,
1975/04/14,244,,,,
1975/04/15,246,,,,
1975/04/16,255,,,,
1975/04/17,283,,,,
1975/04/18,311,,,,
1975/04/19,340,,,,
1975/04/20,396,,,,
1975/04/21,425,,,,
1975/04/22,481,,,,
1975/04/23,566,,,,
1975/04/24,651,,,,
1975/04/25,736,,,,
1975/04/26,793,,,,
1975/04/27,906,,,,
1975/04/28,991,,,,
1975/04/29,1130,,,,
1975/04/30,1270,,,,
1975/05/01,1360,,,,
1975/05/02,1400,,,,
1975/05/03,1420,,,,
1975/05/04,1390,,,,
1975/05/05,1330,,,,
1975/05/06,1270,,,,
1975/05/07,1250,,,,
1975/05/08,1220,,,,
1975/05/09,1190,,,,
1975/05/10,1220,,,,
1975/05/11,1250,,,,
1975/05/12,1270,,,,
1975/05/13,1300,,,,
1975/05/14,1330,,,,
1975/05/15,1390,,,,
1975/05/16,1440,,,,
1975/05/17,1390,,,,
1975/05/18,1330,,,,
1975/05/19,1300,,,,
1975/05/20,1290,,,,
1975/05/21,1220,,,,
1975/05/22,1160,,,,
1975/05/23,1080,,,,
1975/05/24,1050,,,,
1975/05/25,1020,,,,
1975/05/26,1020,,,,
1975/05/27,1050,,,,
1975/05/28,1060,,,,
1975/05/29,1080,,,,
1975/05/30,1090,,,,
1975/05/31,1100,,,,
1975/06/01,1080,,,,
1975/06/02,1050,,,,
1975/06/03,1020,,,,
1975/06/04,971,,,,
1975/06/05,932,,,,
1975/06/06,932,,,,
1975/06/07,971,,,,
1975/06/08,1040,,,,
1975/06/09,1110,,,,
1975/06/10,1220,,,,
1975/06/11,1290,,,,
1975/06/12,1280,,,,
1975/06/13,1240,,,,
1975/06/14,1200,,,,
1975/06/15,1160,,,,
1975/06/16,1110,,,,
1975/06/17,1060,,,,
1975/06/18,1030,,,,
1975/06/19,1050,,,,
1975/06/20,1120,,,,
1975/06/21,1170,,,,
1975/06/22,1180,,,,
1975/06/23,1170,,,,
1975/06/24,1140,,,,
1975/06/25,1160,,,,
1975/06/26,1190,,,,
1975/06/27,1210,,,,
1975/06/28,1280,,,,
1975/06/29,1410,,,,
1975/06/30,1660,,,,
1975/07/01,2040,,,,
1975/07/02,2400,,,,
1975/07/03,2680,,,,
1975/07/04,2700,,,,
1975/07/05,2550,,,,
1975/07/06,2390,,,,
1975/07/07,2250,,,,
1975/07/08,2150,,,,
1975/07/09,2070,,,,
1975/07/10,1990,,,,
1975/07/11,1920,,,,
1975/07/12,1860,,,,
1975/07/13,1810,,,,
1975/07/14,1750,,,,
1975/07/15,1720,,,,
1975/07/16,1750,,,,
1975/07/17,1830,,,,
1975/07/18,1960,,,,
1975/07/19,2180,,,,
1975/07/20,2340,,,,
1975/07/21,2420,,,,
1975/07/22,2430,,,,
1975/07/23,2380,,,,
1975/07/24,2270,,,,
1975/07/25,2110,,,,
1975/07/26,1950,,,,
1975/07/27,1790,,,,
1975/07/28,1660,,,,
1975/07/29,1550,,,,
1975/07/30,1500,,,,
1975/07/31,1450,,,,
1975/08/01,1400,,,,
1975/08/02,1380,,,,
1975/08/03,1360,,,,
1975/08/04,1380,,,,
1975/08/05,1450,,,,
1975/08/06,1450,,,,
1975/08/07,1380,,,,
1975/08/08,1300,,,,
1975/08/09,1240,,,,
1975/08/10,1220,,,,
1975/08/11,1200,,,,
1975/08/12,1160,,,,
1975/08/13,1110,,,,
1975/08/14,1100,,,,
1975/08/15,1060,,,,
1975/08/16,1010,,,,
1975/08/17,957,,,,
1975/08/18,906,,,,
1975/08/19,867,,,,
1975/08/20,841,,,,
1975/08/21,821,,,,
1975/08/22,804,,,,
1975/08/23,807,,,,
1975/08/24,830,,,,
1975/08/25,898,,,,
1975/08/26,1000,,,,
1975/08/27,1100,,,,
1975/08/28,1150,,,,
1975/08/29,1200,,,,
1975/08/30,1310,,,,
1975/08/31,1410,,,,
1975/09/01,1500,,,,
1975/09/02,1630,,,,
1975/09/03,1700,,,,
1975/09/04,1810,,,,
1975/09/05,1940,,,,
1975/09/06,2000,,,,
1975/09/07,1970,,,,
1975/09/08,1880,,,,
1975/09/09,1780,,,,
1975/09/10,1680,,,,
1975/09/11,1590,,,,
1975/09/12,1510,,,,
1975/09/13,1420,,,,
1975/09/14,1350,,,,
1975/09/15,1280,,,,
1975/09/16,1220,,,,
1975/09/17,1160,,,,
1975/09/18,1120,,,,
1975/09/19,1080,,,,
1975/09/20,1030,,,,
1975/09/21,985,,,,
1975/09/22,940,,,,
1975/09/23,906,,,,
1975/09/24,878,,,,
1975/09/25,867,,,,
1975/09/26,855,,,,
1975/09/27,835,,,,
1975/09/28,816,,,,
1975/09/29,813,,,,
1975/09/30,824,,,,
1975/10/01,835,,,,
1975/10/02,841,,,,
1975/10/03,835,,,,
1975/10/04,824,,,,
1975/10/05,810,,,,
1975/10/06,787,,,,
1975/10/07,767,,,,
1975/10/08,779,,,,
1975/10/09,799,,,,
1975/10/10,801,,,,
1975/10/11,796,,,,
1975/10/12,790,,,,
1975/10/13,799,,,,
1975/10/14,816,,,,
1975/10/15,796,,,,
1975/10/16,773,,,,
1975/10/17,750,,,,
1975/10/18,731,,,,
1975/10/19,714,,,,
1975/10/20,702,,,,
1975/10/21,694,,,,
1975/10/22,688,,,,
1975/10/23,682,,,,
1975/10/24,680,,,,
1975/10/25,674,,,,
1975/10/26,657,,,,
1975/10/27,643,,,,
1975/10/28,631,,,,
1975/10/29,609,,,,
1975/10/30,580,,,,
1975/10/31,572,,,,
1975/11/01,566,,,,
1975/11/02,552,,,,
1975/11/03,538,,,,
1975/11/04,538,,,,
1975/11/05,538,,,,
1975/11/06,524,,,,
1975/11/07,524,,,,
1975/11/08,524,,,,
1975/11/09,510,,,,
1975/11/10,510,,,,
1975/11/11,496,,,,
1975/11/12,496,,,,
1975/11/13,496,,,,
1975/11/14,481,,,,
1975/11/15,481,,,,
1975/11/16,467,,,,
1975/11/17,453,,,,
1975/11/18,439,,,,
1975/11/19,425,,,,
1975/11/20,411,,,,
1975/11/21,396,,,,
1975/11/22,382,,,,
1975/11/23,340,,,,
1975/11/24,311,,,,
1975/11/25,283,,,,
1975/11/26,269,,,,
1975/11/27,255,,,,
1975/11/28,249,,,,
1975/11/29,241,,,,
1975/11/30,235,,,,
1975/12/01,229,,,,
1975/12/02,227,,,,
1975/12/03,227,,,,
1975/12/04,227,,,,
1975/12/05,229,,,,
1975/12/06,232,,,,
1975/12/07,235,,,,
1975/12/08,238,,,,
1975/12/09,241,,,,
1975/12/10,244,,,,
1975/12/11,249,,,,
1975/12/12,252,,,,
1975/12/13,258,,,,
1975/12/14,263,,,,
1975/12/15,269,,,,
1975/12/16,278,,,,
1975/12/17,283,,,,
1975/12/18,289,,,,
1975/12/19,294,,,,
1975/12/20,300,,,,
1975/12/21,306,,,,
1975/12/22,311,,,,
1975/12/23,314,,,,
1975/12/24,317,,,,
1975/12/25,317,,,,
1975/12/26,320,,,,
1975/12/27,317,,,,
1975/12/28,314,,,,
1975/12/29,311,,,,
1975/12/30,311,,,,
1975/12/31,309,,,,
1976/01/01,303,,,,
1976/01/02,297,,,,
1976/01/03,292,,,,
1976/01/04,286,,,,
1976/01/05,283,,,,
1976/01/06,278,,,,
1976/01/07,272,,,,
1976/01/08,267,,,,
1976/01/09,263,,,,
1976/01/10,255,,,,
1976/01/11,252,,,,
1976/01/12,249,,,,
1976/01/13,244,,,,
1976/01/14,238,,,,
1976/01/15,235,,,,
1976/01/16,232,,,,
1976/01/17,229,,,,
1976/01/18,227,,,,
1976/01/19,224,,,,
1976/01/20,222,,,,
1976/01/21,221,,,,
1976/01/22,219,,,,
1976/01/23,218,,,,
1976/01/24,217,,,,
1976/01/25,215,,,,
1976/01/26,215,,,,
1976/01/27,215,,,,
1976/01/28,217,,,,
1976/01/29,218,,,,
1976/01/30,219,,,,
1976/01/31,221,,,,
1976/02/01,221,,,,
1976/02/02,222,,,,
1976/02/03,224,,,,
1976/02/04,225,,,,
1976/02/05,227,,,,
1976/02/06,229,,,,
1976/02/07,232,,,,
1976/02/08,232,,,,
1976/02/09,232,,,,
1976/02/10,233,,,,
1976/02/11,232,,,,
1976/02/12,232,,,,
1976/02/13,229,,,,
1976/02/14,227,,,,
1976/02/15,227,,,,
1976/02/16,224,,,,
1976/02/17,224,,,,
1976/02/18,221,,,,
1976/02/19,218,,,,
1976/02/20,218,,,,
1976/02/21,215,,,,
1976/02/22,212,,,,
1976/02/23,210,,,,
1976/02/24,207,,,,
1976/02/25,204,,,,
1976/02/26,201,,,,
1976/02/27,198,,,,
1976/02/28,195,,,,
1976/02/29,193,,,,
1976/03/01,190,,,,
1976/03/02,187,,,,
1976/03/03,184,,,,
1976/03/04,181,,,,
1976/03/05,181,,,,
1976/03/06,178,,,,
1976/03/07,176,,,,
1976/03/08,173,,,,
1976/03/09,172,,,,
1976/03/10,173,,,,
1976/03/11,173,,,,
1976/03/12,173,,,,
1976/03/13,176,,,,
1976/03/14,176,,,,
1976/03/15,176,,,,
1976/03/16,176,,,,
1976/03/17,176,,,,
1976/03/18,178,,,,
1976/03/19,178,,,,
1976/03/20,178,,,,
1976/03/21,181,,,,
1976/03/22,181,,,,
1976/03/23,184,,,,
1976/03/24,184,,,,
1976/03/25,187,,,,
1976/03/26,187,,,,
1976/03/27,190,,,,
1976/03/28,193,,,,
1976/03/29,198,,,,
1976/03/30,204,,,,
1976/03/31,209,,,,
1976/04/01,224,,,,
1976/04/02,241,,,,
1976/04/03,269,,,,
1976/04/04,309,,,,
1976/04/05,340,,,,
1976/04/06,396,,,,
1976/04/07,453,,,,
1976/04/08,510,,,,
1976/04/09,595,,,,
1976/04/10,651,,,,
1976/04/11,779,,,,
1976/04/12,850,,,,
1976/04/13,991,,,,
1976/04/14,1100,,,,
1976/04/15,1190,,,,
1976/04/16,1420,,,,
1976/04/17,1590,,,,
1976/04/18,1840,,,,
1976/04/19,1950,,,,
1976/04/20,2150,,,,
1976/04/21,1980,,,,
1976/04/22,1870,,,,
1976/04/23,1580,,,,
1976/04/24,1470,,,,
1976/04/25,1330,,,,
1976/04/26,1220,,,,
1976/04/27,1130,,,,
1976/04/28,1080,,,,
1976/04/29,1020,,,,
1976/04/30,991,,,,
1976/05/01,963,,,,
1976/05/02,934,,,,
1976/05/03,920,,,,
1976/05/04,906,,,,
1976/05/05,892,,,,
1976/05/06,864,,,,
1976/05/07,850,,,,
1976/05/08,835,,,,
1976/05/09,821,,,,
1976/05/10,821,,,,
1976/05/11,790,,,,
1976/05/12,793,,,,
1976/05/13,804,,,,
1976/05/14,804,,,,
1976/05/15,793,,,,
1976/05/16,779,,,,
1976/05/17,790,,,,
1976/05/18,835,,,,
1976/05/19,883,,,,
1976/05/20,886,,,,
1976/05/21,847,,,,
1976/05/22,813,,,,
1976/05/23,782,,,,
1976/05/24,748,,,,
1976/05/25,728,,,,
1976/05/26,716,,,,
1976/05/27,699,,,,
1976/05/28,685,,,,
1976/05/29,677,,,,
1976/05/30,674,,,,
1976/05/31,680,,,,
1976/06/01,716,,,,
1976/06/02,767,,,,
1976/06/03,787,,,,
1976/06/04,759,,,,
1976/06/05,750,,,,
1976/06/06,765,,,,
1976/06/07,756,,,,
1976/06/08,745,,,,
1976/06/09,739,,,,
1976/06/10,708,,,,
1976/06/11,680,,,,
1976/06/12,657,,,,
1976/06/13,643,,,,
1976/06/14,651,,,,
1976/06/15,665,,,,
1976/06/16,680,,,,
1976/06/17,728,,,,
1976/06/18,776,,,,
1976/06/19,810,,,,
1976/06/20,810,,,,
1976/06/21,784,,,,
1976/06/22,762,,,,
1976/06/23,765,,,,
1976/06/24,821,,,,
1976/06/25,917,,,,
1976/06/26,1030,,,,
1976/06/27,1180,,,,
1976/06/28,1250,,,,
1976/06/29,1270,,,,
1976/06/30,1320,,,,
1976/07/01,1400,,,,
1976/07/02,1460,,,,
1976/07/03,1490,,,,
1976/07/04,1460,,,,
1976/07/05,1390,,,,
1976/07/06,1350,,,,
1976/07/07,1480,,,,
1976/07/08,1630,,,,
1976/07/09,1570,,,,
1976/07/10,1430,,,,
1976/07/11,1330,,,,
1976/07/12,1320,,,,
1976/07/13,1350,,,,
1976/07/14,1370,,,,
1976/07/15,1440,,,,
1976/07/16,1520,,,,
1976/07/17,1530,,,,
1976/07/18,1490,,,,
1976/07/19,1450,,,,
1976/07/20,1410,,,,
1976/07/21,1390,,,,
1976/07/22,1360,,,,
1976/07/23,1320,,,,
1976/07/24,1300,,,,
1976/07/25,1320,,,,
1976/07/26,1310,,,,
1976/07/27,1270,,,,
1976/07/28,1240,,,,
1976/07/29,1210,,,,
1976/07/30,1150,,,,
1976/07/31,1100,,,,
1976/08/01,1120,,,,
1976/08/02,1160,,,,
1976/08/03,1170,,,,
1976/08/04,1150,,,,
1976/08/05,1100,,,,
1976/08/06,1080,,,,
1976/08/07,1100,,,,
1976/08/08,1110,,,,
1976/08/09,1140,,,,
1976/08/10,1260,,,,
1976/08/11,1410,,,,
1976/08/12,1430,,,,
1976/08/13,1380,,,,
1976/08/14,1350,,,,
1976/08/15,1380,,,,
1976/08/16,1390,,,,
1976/08/17,1360,,,,
1976/08/18,1290,,,,
1976/08/19,1210,,,,
1976/08/20,1160,,,,
1976/08/21,1170,,,,
1976/08/22,1370,,,,
1976/08/23,1790,,,,
1976/08/24,1780,,,,
1976/08/25,1590,,,,
1976/08/26,1420,,,,
1976/08/27,1330,,,,
1976/08/28,1420,,,,
1976/08/29,1680,,,,
1976/08/30,1800,,,,
1976/08/31,1930,,,,
1976/09/01,2110,,,,
1976/09/02,2150,,,,
1976/09/03,2040,,,,
1976/09/04,1900,,,,
1976/09/05,1780,,,,
1976/09/06,1670,,,,
1976/09/07,1590,,,,
1976/09/08,1560,,,,
1976/09/09,1590,,,,
1976/09/10,1590,,,,
1976/09/11,1530,,,,
1976/09/12,1490,,,,
1976/09/13,1530,,,,
1976/09/14,1520,,,,
1976/09/15,1450,,,,
1976/09/16,1360,,,,
1976/09/17,1280,,,,
1976/09/18,1240,,,,
1976/09/19,1210,,,,
1976/09/20,1170,,,,
1976/09/21,1130,,,,
1976/09/22,1080,,,,
1976/09/23,1030,,,,
1976/09/24,983,,,,
1976/09/25,943,,,,
1976/09/26,915,,,,
1976/09/27,892,,,,
1976/09/28,867,,,,
1976/09/29,844,,,,
1976/09/30,824,,,,
1976/10/01,810,,,,
1976/10/02,790,,,,
1976/10/03,790,,,,
1976/10/04,799,,,,
1976/10/05,810,,,,
1976/10/06,816,,,,
1976/10/07,818,,,,
1976/10/08,821,,,,
1976/10/09,841,,,,
1976/10/10,869,,,,
1976/10/11,878,,,,
1976/10/12,881,,,,
1976/10/13,875,,,,
1976/10/14,864,,,,
1976/10/15,858,,,,
1976/10/16,850,,,,
1976/10/17,841,,,,
1976/10/18,835,,,,
1976/10/19,818,,,,
1976/10/20,818,,,,
1976/10/21,804,,,,
1976/10/22,776,,,,
1976/10/23,748,,,,
1976/10/24,719,,,,
1976/10/25,719,,,,
1976/10/26,728,,,,
1976/10/27,736,,,,
1976/10/28,711,,,,
1976/10/29,691,,,,
1976/10/30,668,,,,
1976/10/31,648,,,,
1976/11/01,634,,,,
1976/11/02,637,,,,
1976/11/03,620,,,,
1976/11/04,631,,,,
1976/11/05,592,,,,
1977/03/22,238,,,,
1977/03/23,238,,,,
1977/03/24,238,,,,
1977/03/25,238,,,,
1977/03/26,238,,,,
1977/03/27,238,,,,
1977/03/28,238,,,,
1977/03/29,238,,,,
1977/03/30,238,,,,
1977/03/31,238,,,,
1977/04/01,238,,,,
1977/04/02,244,,,,
1977/04/03,249,,,,
1977/04/04,278,,,,
1977/04/05,289,,,,
1977/04/06,309,,,,
1977/04/07,320,,,,
1977/04/08,334,,,,
1977/04/09,354,,,,
1977/04/10,396,,,,
1977/04/11,453,,,,
1977/04/12,510,,,,
1977/04/13,595,,,,
1977/04/14,680,,,,
1977/04/15,736,,,,
1977/04/16,821,,,,
1977/04/17,878,,,,
1977/04/18,934,,,,
1977/04/19,1020,,,,
1977/04/20,1100,,,,
1977/04/21,1190,,,,
1977/04/22,1250,,,,
1977/04/23,1300,,,,
1977/04/24,1300,,,,
1977/04/25,1190,,,,
1977/04/26,1070,,,,
1977/04/27,991,,,,
1977/04/28,892,,,,
1977/04/29,827,,,,
1977/04/30,810,,,,
1977/05/01,796,,,,
1977/05/02,773,,,,
1977/05/03,784,,,,
1977/05/04,824,,,,
1977/05/05,858,,,,
1977/05/06,861,,,,
1977/05/07,841,,,,
1977/05/08,813,,,,
1977/05/09,787,,,,
1977/05/10,776,,,,
1977/05/11,1130,,,,
1977/05/12,1800,,,,
1977/05/13,1930,,,,
1977/05/14,1780,,,,
1977/05/15,1700,,,,
1977/05/16,1670,,,,
1977/05/17,1640,,,,
1977/05/18,1820,,,,
1977/05/19,1810,,,,
1977/05/20,1720,,,,
1977/05/21,1680,,,,
1977/05/22,1780,,,,
1977/05/23,1830,,,,
1977/05/24,1810,,,,
1977/05/25,1770,,,,
1977/05/26,1720,,,,
1977/05/27,1670,,,,
1977/05/28,1630,,,,
1977/05/29,1620,,,,
1977/05/30,1640,,,,
1977/05/31,1740,,,,
1977/06/01,1790,,,,
1977/06/02,1930,,,,
1977/06/03,2510,,,,
1977/06/04,2830,,,,
1977/06/05,2860,,,,
1977/06/06,2700,,,,
1977/06/07,2620,,,,
1977/06/08,2530,,,,
1977/06/09,2370,,,,
1977/06/10,2170,,,,
1977/06/11,1980,,,,
1977/06/12,1830,,,,
1977/06/13,1850,,,,
1977/06/14,2010,,,,
1977/06/15,1810,,,,
1977/06/16,1670,,,,
1977/06/17,1560,,,,
1977/06/18,1470,,,,
1977/06/19,1530,,,,
1977/06/20,1590,,,,
1977/06/21,1620,,,,
1977/06/22,1580,,,,
1977/06/23,1520,,,,
1977/06/24,1480,,,,
1977/06/25,1460,,,,
1977/06/26,1460,,,,
1977/06/27,1480,,,,
1977/06/28,1460,,,,
1977/06/29,1410,,,,
1977/06/30,1340,,,,
1977/07/01,1250,,,,
1977/07/02,1190,,,,
1977/07/03,1190,,,,
1977/07/04,1150,,,,
1977/07/05,1120,,,,
1977/07/06,1130,,,,
1977/07/07,1130,,,,
1977/07/08,1140,,,,
1977/07/09,1250,,,,
1977/07/10,1340,,,,
1977/07/11,1350,,,,
1977/07/12,1500,,,,
1977/07/13,1730,,,,
1977/07/14,1780,,,,
1977/07/15,1780,,,,
1977/07/16,1830,,,,
1977/07/17,1930,,,,
1977/07/18,1990,,,,
1977/07/19,1950,,,,
1977/07/20,1950,,,,
1977/07/21,1980,,,,
1977/07/22,1980,,,,
1977/07/23,1930,,,,
1977/07/24,1870,,,,
1977/07/25,1790,,,,
1977/07/26,1660,,,,
1977/07/27,1530,,,,
1977/07/28,1440,,,,
1977/07/29,1390,,,,
1977/07/30,1360,,,,
1977/07/31,1320,,,,
1977/08/01,1280,,,,
1977/08/02,1250,,,,
1977/08/03,1260,,,,
1977/08/04,1320,,,,
1977/08/05,1520,,,,
1977/08/06,1610,,,,
1977/08/07,1520,,,,
1977/08/08,1410,,,,
1977/08/09,1330,,,,
1977/08/10,1310,,,,
1977/08/11,1290,,,,
1977/08/12,1240,,,,
1977/08/13,1180,,,,
1977/08/14,1140,,,,
1977/08/15,1120,,,,
1977/08/16,1140,,,,
1977/08/17,1160,,,,
1977/08/18,1140,,,,
1977/08/19,1120,,,,
1977/08/20,1140,,,,
1977/08/21,1150,,,,
1977/08/22,1130,,,,
1977/08/23,1070,,,,
1977/08/24,1010,,,,
1977/08/25,991,,,,
1977/08/26,991,,,,
1977/08/27,997,,,,
1977/08/28,1010,,,,
1977/08/29,1010,,,,
1977/08/30,1050,,,,
1977/08/31,1100,,,,
1977/09/01,1120,,,,
1977/09/02,1100,,,,
1977/09/03,1040,,,,
1977/09/04,1010,,,,
1977/09/05,1030,,,,
1977/09/06,1100,,,,
1977/09/07,1190,,,,
1977/09/08,1210,,,,
1977/09/09,1160,,,,
1977/09/10,1120,,,,
1977/09/11,1120,,,,
1977/09/12,1130,,,,
1977/09/13,1130,,,,
1977/09/14,1100,,,,
1977/09/15,1040,,,,
1977/09/16,997,,,,
1977/09/17,946,,,,
1977/09/18,900,,,,
1977/09/19,867,,,,
1977/09/20,835,,,,
1977/09/21,818,,,,
1977/09/22,852,,,,
1977/09/23,915,,,,
1977/09/24,937,,,,
1977/09/25,943,,,,
1977/09/26,940,,,,
1977/09/27,917,,,,
1977/09/28,900,,,,
1977/09/29,892,,,,
1977/09/30,875,,,,
1977/10/01,855,,,,
1977/10/02,850,,,,
1977/10/03,883,,,,
1977/10/04,968,,,,
1977/10/05,1020,,,,
1977/10/06,991,,,,
1977/10/07,949,,,,
1977/10/08,912,,,,
1977/10/09,895,,,,
1977/10/10,875,,,,
1977/10/11,850,,,,
1977/10/12,824,,,,
1977/10/13,810,,,,
1977/10/14,790,,,,
1977/10/15,784,,,,
1977/10/16,776,,,,
1977/10/17,762,,,,
1977/10/18,753,,,,
1977/10/19,748,,,,
1977/10/20,745,,,,
1977/10/21,736,,,,
1977/10/22,731,,,,
1977/10/23,716,,,,
1977/10/24,711,,,,
1977/10/25,694,,,,
1977/10/26,685,,,,
1977/10/27,674,,,,
1977/10/28,665,,,,
1977/10/29,654,,,,
1977/10/30,643,,,,
1977/10/31,637,,,,
1977/11/01,631,,,,
1977/11/02,623,,,,
1977/11/03,617,,,,
1977/11/04,614,,,,
1977/11/05,595,,,,
1977/11/06,558,,,,
1977/11/07,595,,,,
1977/11/08,595,,,,
1977/11/09,595,,,,
1977/11/10,578,,,,
1977/11/11,544,,,,
1977/11/12,527,,,,
1977/11/13,490,,,,
1977/11/14,445,,,,
1977/11/15,408,,,,
1977/11/16,368,,,,
1977/11/17,334,,,,
1977/11/18,300,,,,
1977/11/19,272,,,,
1977/11/20,249,,,,
1977/11/21,232,,,,
1977/11/22,215,,,,
1977/11/23,198,,,,
1977/11/24,181,,,,
1977/11/25,170,,,,
1977/11/26,164,,,,
1977/11/27,159,,,,
1977/11/28,159,,,,
1977/11/29,159,,,,
1977/11/30,156,,,,
1978/04/01,249,,,,
1978/04/02,258,,,,
1978/04/03,266,,,,
1978/04/04,272,,,,
1978/04/05,278,,,,
1978/04/06,283,,,,
1978/04/07,297,,,,
1978/04/08,317,,,,
1978/04/09,340,,,,
1978/04/10,368,,,,
1978/04/11,405,,,,
1978/04/12,422,,,,
1978/04/13,453,,,,
1978/04/14,481,,,,
1978/04/15,498,,,,
1978/04/16,510,,,,
1978/04/17,515,,,,
1978/04/18,521,,,,
1978/04/19,532,,,,
1978/04/20,561,,,,
1978/04/21,583,,,,
1978/04/22,580,,,,
1978/04/23,566,,,,
1978/04/24,566,,,,
1978/04/25,595,,,,
1978/04/26,651,,,,
1978/04/27,736,,,,
1978/04/28,821,,,,
1978/04/29,934,,,,
1978/04/30,1050,,,,
1978/05/01,1160,,,,
1978/05/02,1250,,,,
1978/05/03,1330,,,,
1978/05/04,1430,,,,
1978/05/05,1650,,,,
1978/05/06,1770,,,,
1978/05/07,1730,,,,
1978/05/08,1660,,,,
1978/05/09,1580,,,,
1978/05/10,1500,,,,
1978/05/11,1400,,,,
1978/05/12,1310,,,,
1978/05/13,1220,,,,
1978/05/14,1160,,,,
1978/05/15,1100,,,,
1978/05/16,1060,,,,
1978/05/17,1050,,,,
1978/05/18,1040,,,,
1978/05/19,1030,,,,
1978/05/20,1020,,,,
1978/05/21,974,,,,
1978/05/22,943,,,,
1978/05/23,949,,,,
1978/05/24,1020,,,,
1978/05/25,1050,,,,
1978/05/26,1010,,,,
1978/05/27,1010,,,,
1978/05/28,1060,,,,
1978/05/29,1190,,,,
1978/05/30,1310,,,,
1978/05/31,1340,,,,
1978/06/01,1390,,,,
1978/06/02,1470,,,,
1978/06/03,1470,,,,
1978/06/04,1440,,,,
1978/06/05,1400,,,,
1978/06/06,1370,,,,
1978/06/07,1360,,,,
1978/06/08,1330,,,,
1978/06/09,1330,,,,
1978/06/10,1420,,,,
1978/06/11,1530,,,,
1978/06/12,1650,,,,
1978/06/13,1700,,,,
1978/06/14,1640,,,,
1978/06/15,1570,,,,
1978/06/16,1520,,,,
1978/06/17,1500,,,,
1978/06/18,1460,,,,
1978/06/19,1590,,,,
1978/06/20,2140,,,,
1978/06/21,2210,,,,
1978/06/22,2090,,,,
1978/06/23,2000,,,,
1978/06/24,1940,,,,
1978/06/25,1870,,,,
1978/06/26,1770,,,,
1978/06/27,1690,,,,
1978/06/28,1730,,,,
1978/06/29,1790,,,,
1978/06/30,1740,,,,
1978/07/01,1620,,,,
1978/07/02,1510,,,,
1978/07/03,1420,,,,
1978/07/04,1360,,,,
1978/07/05,1340,,,,
1978/07/06,1360,,,,
1978/07/07,1380,,,,
1978/07/08,1350,,,,
1978/07/09,1270,,,,
1978/07/10,1190,,,,
1978/07/11,1130,,,,
1978/07/12,1100,,,,
1978/07/13,1090,,,,
1978/07/14,1100,,,,
1978/07/15,1140,,,,
1978/07/16,1230,,,,
1978/07/17,1870,,,,
1978/07/18,2310,,,,
1978/07/19,2190,,,,
1978/07/20,1960,,,,
1978/07/21,1770,,,,
1978/07/22,1610,,,,
1978/07/23,1480,,,,
1978/07/24,1390,,,,
1978/07/25,1320,,,,
1978/07/26,1220,,,,
1978/07/27,1140,,,,
1978/07/28,1070,,,,
1978/07/29,1030,,,,
1978/07/30,1010,,,,
1978/07/31,1040,,,,
1978/08/01,1060,,,,
1978/08/02,1160,,,,
1978/08/03,1260,,,,
1978/08/04,1300,,,,
1978/08/05,1250,,,,
1978/08/06,1160,,,,
1978/08/07,1090,,,,
1978/08/08,1020,,,,
1978/08/09,985,,,,
1978/08/10,949,,,,
1978/08/11,906,,,,
1978/08/12,898,,,,
1978/08/13,917,,,,
1978/08/14,917,,,,
1978/08/15,909,,,,
1978/08/16,920,,,,
1978/08/17,949,,,,
1978/08/18,983,,,,
1978/08/19,977,,,,
1978/08/20,954,,,,
1978/08/21,937,,,,
1978/08/22,906,,,,
1978/08/23,889,,,,
1978/08/24,889,,,,
1978/08/25,906,,,,
1978/08/26,957,,,,
1978/08/27,1000,,,,
1978/08/28,1020,,,,
1978/08/29,988,,,,
1978/08/30,951,,,,
1978/08/31,920,,,,
1978/09/01,903,,,,
1978/09/02,892,,,,
1978/09/03,875,,,,
1978/09/04,867,,,,
1978/09/05,867,,,,
1978/09/06,867,,,,
1978/09/07,869,,,,
1978/09/08,881,,,,
1978/09/09,943,,,,
1978/09/10,1130,,,,
1978/09/11,1570,,,,
1978/09/12,2020,,,,
1978/09/13,2170,,,,
1978/09/14,2260,,,,
1978/09/15,2300,,,,
1978/09/16,2280,,,,
1978/09/17,2270,,,,
1978/09/18,2300,,,,
1978/09/19,2330,,,,
1978/09/20,2340,,,,
1978/09/21,2350,,,,
1978/09/22,2360,,,,
1978/09/23,2340,,,,
1978/09/24,2330,,,,
1978/09/25,2320,,,,
1978/09/26,2250,,,,
1978/09/27,2130,,,,
1978/09/28,2000,,,,
1978/09/29,1890,,,,
1978/09/30,1780,,,,
1978/10/01,1700,,,,
1978/10/02,1650,,,,
1978/10/03,1650,,,,
1978/10/04,1650,,,,
1978/10/05,1620,,,,
1978/10/06,1570,,,,
1978/10/07,1510,,,,
1978/10/08,1450,,,,
1978/10/09,1410,,,,
1978/10/10,1360,,,,
1978/10/11,1310,,,,
1978/10/12,1270,,,,
1978/10/13,1240,,,,
1978/10/14,1210,,,,
1978/10/15,1170,,,,
1978/10/16,1140,,,,
1978/10/17,1110,,,,
1978/10/18,1090,,,,
1978/10/19,1070,,,,
1978/10/20,1050,,,,
1978/10/21,1030,,,,
1978/10/22,1000,,,,
1978/10/23,968,,,,
1978/10/24,951,,,,
1978/10/25,937,,,,
1978/10/26,929,,,,
1978/10/27,912,,,,
1978/10/28,906,,,,
1978/10/29,906,,,,
1978/10/30,909,,,,
1978/10/31,895,,,,
1978/11/01,872,,,,
1978/11/02,867,,,,
1978/11/03,864,,,,
1978/11/04,850,,,,
1978/11/05,830,,,,
1978/11/06,804,,,,
1978/11/07,779,,,,
1978/11/08,776,,,,
1978/11/09,776,,,,
1978/11/10,750,,,,
1978/11/11,694,,,,
1978/11/12,665,,,,
1978/11/13,580,,,,
1978/11/14,578,,,,
1978/11/15,583,,,,
1978/11/16,569,,,,
1978/11/17,547,,,,
1978/11/18,532,,,,
1978/11/19,527,,,,
1978/11/20,501,,,,
1978/11/21,459,,,,
1978/11/22,405,,,,
1978/11/23,377,,,,
1978/11/24,385,,,,
1978/11/25,388,,,,
1978/11/26,379,,,,
1978/11/27,368,,,,
1978/11/28,354,,,,
1978/11/29,340,,,,
1978/11/30,311,,,,
1979/05/16,2070,,,,
1979/05/17,2160,,,,
1979/05/18,2190,,,,
1979/05/19,2180,,,,
1979/05/20,2150,,,,
1979/05/21,2170,,,,
1979/05/22,2370,,,,
1979/05/23,2440,,,,
1979/05/24,2300,,,,
1979/05/25,2160,,,,
1979/05/26,2040,,,,
1979/05/27,1930,,,,
1979/05/28,1820,,,,
1979/05/29,1720,,,,
1979/05/30,1660,,,,
1979/05/31,1650,,,,
1979/06/01,1660,,,,
1979/06/02,1730,,,,
1979/06/03,1820,,,,
1979/06/04,1730,,,,
1979/06/05,1580,,,,
1979/06/06,1450,,,,
1979/06/07,1380,,,,
1979/06/08,1370,,,,
1979/06/09,1430,,,,
1979/06/10,1660,,,,
1979/06/11,1860,,,,
1979/06/12,1910,,,,
1979/06/13,1830,,,,
1979/06/14,1690,,,,
1979/06/15,1590,,,,
1979/06/16,1520,,,,
1979/06/17,1520,,,,
1979/06/18,1750,,,,
1979/06/19,2430,,,,
1979/06/20,2520,,,,
1979/06/21,2350,,,,
1979/06/22,2140,,,,
1979/06/23,1980,,,,
1979/06/24,1890,,,,
1979/06/25,1860,,,,
1979/06/26,1840,,,,
1979/06/27,1820,,,,
1979/06/28,1790,,,,
1979/06/29,1740,,,,
1979/06/30,1670,,,,
1979/07/01,1600,,,,
1979/07/02,1510,,,,
1979/07/03,1440,,,,
1979/07/04,1410,,,,
1979/07/05,1480,,,,
1979/07/06,1730,,,,
1979/07/07,2070,,,,
1979/07/08,2140,,,,
1979/07/09,1930,,,,
1979/07/10,1740,,,,
1979/07/11,1600,,,,
1979/07/12,1570,,,,
1979/07/13,1640,,,,
1979/07/14,1750,,,,
1979/07/15,1840,,,,
1979/07/16,2160,,,,
1979/07/17,2610,,,,
1979/07/18,2570,,,,
1979/07/19,2460,,,,
1979/07/20,2350,,,,
1979/07/21,2110,,,,
1979/07/22,1930,,,,
1979/07/23,1780,,,,
1979/07/24,1690,,,,
1979/07/25,1630,,,,
1979/07/26,1610,,,,
1979/07/27,1600,,,,
1979/07/28,1600,,,,
1979/07/29,1550,,,,
1979/07/30,1470,,,,
1979/07/31,1370,,,,
1979/08/01,1290,,,,
1979/08/02,1230,,,,
1979/08/03,1210,,,,
1979/08/04,1230,,,,
1979/08/05,1260,,,,
1979/08/06,1260,,,,
1979/08/07,1240,,,,
1979/08/08,1220,,,,
1979/08/09,1210,,,,
1979/08/10,1230,,,,
1979/08/11,1250,,,,
1979/08/12,1270,,,,
1979/08/13,1260,,,,
1979/08/14,1210,,,,
1979/08/15,1160,,,,
1979/08/16,1110,,,,
1979/08/17,1070,,,,
1979/08/18,1030,,,,
1979/08/19,994,,,,
1979/08/20,971,,,,
1979/08/21,937,,,,
1979/08/22,909,,,,
1979/08/23,892,,,,
1979/08/24,886,,,,
1979/08/25,880,,,,
1979/08/26,867,,,,
1979/08/27,855,,,,
1979/08/28,836,,,,
1979/08/29,826,,,,
1979/08/30,832,,,,
1979/08/31,844,,,,
1979/09/01,850,,,,
1979/09/02,861,,,,
1979/09/03,873,,,,
1979/09/04,855,,,,
1979/09/05,828,,,,
1979/09/06,812,,,,
1979/09/07,805,,,,
1979/09/08,800,,,,
1979/09/09,798,,,,
1979/09/10,805,,,,
1979/09/11,833,,,,
1979/09/12,894,,,,
1979/09/13,971,,,,
1979/09/14,1010,,,,
1979/09/15,1030,,,,
1979/09/16,1030,,,,
1979/09/17,1020,,,,
1979/09/18,1020,,,,
1979/09/19,1000,,,,
1979/09/20,976,,,,
1979/09/21,942,,,,
1979/09/22,909,,,,
1979/09/23,883,,,,
1979/09/24,862,,,,
1979/09/25,849,,,,
1979/09/26,838,,,,
1979/09/27,813,,,,
1979/09/28,796,,,,
1979/09/29,790,,,,
1979/09/30,779,,,,
1979/10/01,776,,,,
1979/10/02,766,,,,
1979/10/03,748,,,,
1979/10/04,734,,,,
1979/10/05,720,,,,
1979/10/06,714,,,,
1979/10/07,706,,,,
1979/10/08,705,,,,
1979/10/09,688,,,,
1979/10/10,663,,,,
1979/10/11,648,,,,
1979/10/12,641,,,,
1979/10/13,628,,,,
1979/10/14,615,,,,
1979/10/15,611,,,,
1979/10/16,610,,,,
1979/10/17,615,,,,
1979/10/18,623,,,,
1979/10/19,633,,,,
1979/10/20,633,,,,
1979/10/21,641,,,,
1979/10/22,652,,,,
1979/10/23,651,,,,
1979/10/24,651,,,,
1979/10/25,648,,,,
1979/10/26,648,,,,
1979/10/27,644,,,,
1979/10/28,638,,,,
1979/10/29,634,,,,
1979/10/30,632,,,,
1979/10/31,627,,,,
1979/11/01,615,,,,
1979/11/02,601,,,,
1979/11/03,596,,,,
1980/04/24,1210,,,,
1980/04/25,1130,,,,
1980/04/26,1080,,,,
1980/04/27,1040,,,,
1980/04/28,995,,,,
1980/04/29,945,,,,
1980/04/30,903,,,,
1980/05/01,878,,,,
1980/05/02,864,,,,
1980/05/03,848,,,,
1980/05/04,814,,,,
1980/05/05,782,,,,
1980/05/06,779,,,,
1980/05/07,800,,,,
1980/05/08,799,,,,
1980/05/09,766,,,,
1980/05/10,744,,,,
1980/05/11,743,,,,
1980/05/12,745,,,,
1980/05/13,720,,,,
1980/05/14,700,,,,
1980/05/15,680,,,,
1980/05/16,660,,,,
1980/05/17,640,,,,
1980/05/18,625,,,,
1980/05/19,610,,,,
1980/05/20,605,,,,
1980/05/21,605,,,,
1980/05/22,610,,,,
1980/05/23,624,,,,
1980/05/24,635,,,,
1980/05/25,663,,,,
1980/05/26,696,,,,
1980/05/27,716,,,,
1980/05/28,699,,,,
1980/05/29,666,,,,
1980/05/30,650,,,,
1980/05/31,666,,,,
1980/06/01,726,,,,
1980/06/02,836,,,,
1980/06/03,1120,,,,
1980/06/04,1290,,,,
1980/06/05,1270,,,,
1980/06/06,1190,,,,
1980/06/07,1130,,,,
1980/06/08,1120,,,,
1980/06/09,2060,,,,
1980/06/10,3800,,,,
1980/06/11,3900,,,,
1980/06/12,3500,,,,
1980/06/13,2600,,,,
1980/06/14,2250,,,,
1980/06/15,2050,,,,
1980/06/16,1880,,,,
1980/06/17,1750,,,,
1980/06/18,1620,,,,
1980/06/19,1500,,,,
1980/06/20,1450,,,,
1980/06/21,1480,,,,
1980/06/22,1550,,,,
1980/06/23,1750,,,,
1980/06/24,1750,,,,
1980/06/25,1690,,,,
1980/06/26,1570,,,,
1980/06/27,1490,,,,
1980/06/28,1430,,,,
1980/06/29,1450,,,,
1980/06/30,1840,,,,
1980/07/01,2080,,,,
1980/07/02,2160,,,,
1980/07/03,2170,,,,
1980/07/04,2010,,,,
1980/07/05,1900,,,,
1980/07/06,1910,,,,
1980/07/07,1780,,,,
1980/07/08,1640,,,,
1980/07/09,1510,,,,
1980/07/10,1430,,,,
1980/07/11,1400,,,,
1980/07/12,1380,,,,
1980/07/13,1290,,,,
1980/07/14,1200,,,,
1980/07/15,1130,,,,
1980/07/16,1100,,,,
1980/07/17,1080,,,,
1980/07/18,1070,,,,
1980/07/19,1040,,,,
1980/07/20,1020,,,,
1980/07/21,998,,,,
1980/07/22,990,,,,
1980/07/23,998,,,,
1980/07/24,1010,,,,
1980/07/25,1000,,,,
1980/07/26,1020,,,,
1980/07/27,1050,,,,
1980/07/28,1020,,,,
1980/07/29,999,,,,
1980/07/30,1010,,,,
1980/07/31,1030,,,,
1980/08/01,1000,,,,
1980/08/02,943,,,,
1980/08/03,899,,,,
1980/08/04,893,,,,
1980/08/05,947,,,,
1980/08/06,1070,,,,
1980/08/07,1230,,,,
1980/08/08,1360,,,,
1980/08/09,1450,,,,
1980/08/10,1520,,,,
1980/08/11,1580,,,,
1980/08/12,1590,,,,
1980/08/13,1640,,,,
1980/08/14,1660,,,,
1980/08/15,1650,,,,
1980/08/16,1600,,,,
1980/08/17,1570,,,,
1980/08/18,1520,,,,
1980/08/19,1480,,,,
1980/08/20,1440,,,,
1980/08/21,1380,,,,
1980/08/22,1320,,,,
1980/08/23,1280,,,,
1980/08/24,1230,,,,
1980/08/25,1190,,,,
1980/08/26,1190,,,,
1980/08/27,1160,,,,
1980/08/28,1120,,,,
1980/08/29,1080,,,,
1980/08/30,1060,,,,
1980/08/31,1070,,,,
1980/09/01,1100,,,,
1980/09/02,1110,,,,
1980/09/03,1090,,,,
1980/09/04,1070,,,,
1980/09/05,1080,,,,
1980/09/06,1090,,,,
1980/09/07,1080,,,,
1980/09/08,1060,,,,
1980/09/09,1050,,,,
1980/09/10,1020,,,,
1980/09/11,985,,,,
1980/09/12,955,,,,
1980/09/13,942,,,,
1980/09/14,920,,,,
1980/09/15,912,,,,
1980/09/16,936,,,,
1980/09/17,968,,,,
1980/09/18,966,,,,
1980/09/19,959,,,,
1980/09/20,963,,,,
1980/09/21,1000,,,,
1980/09/22,1090,,,,
1980/09/23,1190,,,,
1980/09/24,1290,,,,
1980/09/25,1390,,,,
1980/09/26,1410,,,,
1980/09/27,1390,,,,
1980/09/28,1380,,,,
1980/09/29,1350,,,,
1980/09/30,1300,,,,
1980/10/01,1250,,,,
1980/10/02,1200,,,,
1980/10/03,1150,,,,
1980/10/04,1100,,,,
1980/10/05,1050,,,,
1980/10/06,1020,,,,
1980/10/07,983,,,,
1980/10/08,983,,,,
1980/10/09,995,,,,
1980/10/10,959,,,,
1980/10/11,911,,,,
1980/10/12,877,,,,
1980/10/13,855,,,,
1980/10/14,836,,,,
1980/10/15,820,,,,
1980/10/16,814,,,,
1980/10/17,807,,,,
1980/10/18,802,,,,
1980/10/19,786,,,,
1980/10/20,766,,,,
1980/10/21,752,,,,
1980/10/22,743,,,,
1980/10/23,731,,,,
1980/10/24,721,,,,
1980/10/25,711,,,,
1980/10/26,699,,,,
1980/10/27,687,,,,
1980/10/28,671,,,,
1980/10/29,656,,,,
1980/10/30,649,,,,
1980/10/31,644,,,,
1980/11/01,630,,,,
1980/11/02,617,,,,
1980/11/03,611,,,,
1980/11/04,606,,,,
1980/11/05,607,,,,
1980/11/06,601,,,,
1980/11/07,595,,,,
1980/11/08,596,,,,
1981/05/01,455,,,,
1981/05/02,460,,,,
1981/05/03,448,,,,
1981/05/04,438,,,,
1981/05/05,430,,,,
1981/05/06,420,,,,
1981/05/07,408,,,,
1981/05/08,420,,,,
1981/05/09,415,,,,
1981/05/10,415,,,,
1981/05/11,440,,,,
1981/05/12,490,,,,
1981/05/13,530,,,,
1981/05/14,580,,,,
1981/05/15,650,,,,
1981/05/16,680,,,,
1981/05/17,695,,,,
1981/05/18,680,,,,
1981/05/19,630,,,,
1981/05/20,610,,,,
1981/05/21,604,,,,
1981/05/22,608,,,,
1981/05/23,615,,,,
1981/05/24,628,,,,
1981/05/25,655,,,,
1981/05/26,710,,,,
1981/05/27,820,,,,
1981/05/28,914,,,,
1981/05/29,1080,,,,
1981/05/30,1230,,,,
1981/05/31,1260,,,,
1981/06/01,1270,,,,
1981/06/02,1270,,,,
1981/06/03,1250,,,,
1981/06/04,1180,,,,
1981/06/05,1180,,,,
1981/06/06,1240,,,,
1981/06/07,1380,,,,
1981/06/08,1480,,,,
1981/06/09,1500,,,,
1981/06/10,1480,,,,
1981/06/11,1430,,,,
1981/06/12,1350,,,,
1981/06/13,1270,,,,
1981/06/14,1200,,,,
1981/06/15,1140,,,,
1981/06/16,1080,,,,
1981/06/17,1020,,,,
1981/06/18,996,,,,
1981/06/19,997,,,,
1981/06/20,1010,,,,
1981/06/21,1010,,,,
1981/06/22,1020,,,,
1981/06/23,1050,,,,
1981/06/24,1070,,,,
1981/06/25,1080,,,,
1981/06/26,1060,,,,
1981/06/27,1030,,,,
1981/06/28,1010,,,,
1981/06/29,997,,,,
1981/06/30,971,,,,
1981/07/01,931,,,,
1981/07/02,893,,,,
1981/07/03,866,,,,
1981/07/04,850,,,,
1981/07/05,854,,,,
1981/07/06,875,,,,
1981/07/07,860,,,,
1981/07/08,845,,,,
1981/07/09,860,,,,
1981/07/10,870,,,,
1981/07/11,900,,,,
1981/07/12,960,,,,
1981/07/13,1010,,,,
1981/07/14,1040,,,,
1981/07/15,1030,,,,
1981/07/16,960,,,,
1981/07/17,780,,,,
1981/07/18,755,,,,
1981/07/19,765,,,,
1981/07/20,824,,,,
1981/07/21,826,,,,
1981/07/22,858,,,,
1981/07/23,940,,,,
1981/07/24,994,,,,
1981/07/25,978,,,,
1981/07/26,971,,,,
1981/07/27,1040,,,,
1981/07/28,1180,,,,
1981/07/29,1280,,,,
1981/07/30,1300,,,,
1981/07/31,1280,,,,
1981/08/01,1250,,,,
1981/08/02,1190,,,,
1981/08/03,1130,,,,
1981/08/04,1150,,,,
1981/08/05,1220,,,,
1981/08/06,1280,,,,
1981/08/07,1270,,,,
1981/08/08,1210,,,,
1981/08/09,1140,,,,
1981/08/10,1070,,,,
1981/08/11,1000,,,,
1981/08/12,943,,,,
1981/08/13,892,,,,
1981/08/14,851,,,,
1981/08/15,821,,,,
1981/08/16,807,,,,
1981/08/17,792,,,,
1981/08/18,776,,,,
1981/08/19,761,,,,
1981/08/20,759,,,,
1981/08/21,762,,,,
1981/08/22,757,,,,
1981/08/23,740,,,,
1981/08/24,722,,,,
1981/08/25,715,,,,
1981/08/26,700,,,,
1981/08/27,684,,,,
1981/08/28,676,,,,
1981/08/29,671,,,,
1981/08/30,656,,,,
1981/08/31,630,,,,
1981/09/01,607,,,,
1981/09/02,606,,,,
1981/09/03,619,,,,
1981/09/04,633,,,,
1981/09/05,635,,,,
1981/09/06,618,,,,
1981/09/07,602,,,,
1981/09/08,598,,,,
1981/09/09,577,,,,
1981/09/10,560,,,,
1981/09/11,557,,,,
1981/09/12,549,,,,
1981/09/13,534,,,,
1981/09/14,530,,,,
1981/09/15,523,,,,
1981/09/16,507,,,,
1981/09/17,498,,,,
1981/09/18,503,,,,
1981/09/19,515,,,,
1981/09/20,503,,,,
1981/09/21,484,,,,
1981/09/22,468,,,,
1981/09/23,456,,,,
1981/09/24,440,,,,
1981/09/25,425,,,,
1981/09/26,438,,,,
1981/09/27,460,,,,
1981/09/28,477,,,,
1981/09/29,496,,,,
1981/09/30,479,,,,
1981/10/01,452,,,,
1981/10/02,433,,,,
1981/10/03,419,,,,
1981/10/04,410,,,,
1981/10/05,400,,,,
1981/10/06,395,,,,
1981/10/07,388,,,,
1981/10/08,381,,,,
1981/10/09,385,,,,
1981/10/10,390,,,,
1981/10/11,397,,,,
1981/10/12,400,,,,
1981/10/13,393,,,,
1981/10/14,388,,,,
1981/10/15,385,,,,
1981/10/16,380,,,,
1981/10/17,375,,,,
1981/10/18,373,,,,
1981/10/19,371,,,,
1981/10/20,369,,,,
1981/10/21,365,,,,
1981/10/22,360,,,,
1981/10/23,355,,,,
1981/10/24,350,,,,
1981/10/25,347,,,,
1981/10/26,344,,,,
1981/10/27,340,,,,
1981/10/28,336,,,,
1981/10/29,332,,,,
1981/10/30,328,,,,
1981/10/31,325,,,,
1982/05/01,1300,,,,
1982/05/02,1290,,,,
1982/05/03,1280,,,,
1982/05/04,1250,,,,
1982/05/05,1300,,,,
1982/05/06,1340,,,,
1982/05/07,1370,,,,
1982/05/08,1370,,,,
1982/05/09,1360,,,,
1982/05/10,1350,,,,
1982/05/11,1340,,,,
1982/05/12,1310,,,,
1982/05/13,1240,,,,
1982/05/14,1200,,,,
1982/05/15,1150,,,,
1982/05/16,1120,,,,
1982/05/17,1130,,,,
1982/05/18,1150,,,,
1982/05/19,1160,,,,
1982/05/20,1190,,,,
1982/05/21,1270,,,,
1982/05/22,1290,,,,
1982/05/23,1320,,,,
1982/05/24,1350,,,,
1982/05/25,1410,,,,
1982/05/26,1380,,,,
1982/05/27,1300,,,,
1982/05/28,1230,,,,
1982/05/29,1190,,,,
1982/05/30,1180,,,,
1982/05/31,1140,,,,
1982/06/01,1120,,,,
1982/06/02,1150,,,,
1982/06/03,1150,,,,
1982/06/04,1090,,,,
1982/06/05,1050,,,,
1982/06/06,1000,,,,
1982/06/07,963,,,,
1982/06/08,956,,,,
1982/06/09,1010,,,,
1982/06/10,1070,,,,
1982/06/11,1110,,,,
1982/06/12,1150,,,,
1982/06/13,1160,,,,
1982/06/14,1100,,,,
1982/06/15,1010,,,,
1982/06/16,952,,,,
1982/06/17,939,,,,
1982/06/18,993,,,,
1982/06/19,1070,,,,
1982/06/20,1160,,,,
1982/06/21,1240,,,,
1982/06/22,1300,,,,
1982/06/23,1280,,,,
1982/06/24,1210,,,,
1982/06/25,1150,,,,
1982/06/26,1120,,,,
1982/06/27,1130,,,,
1982/06/28,1150,,,,
1982/06/29,1180,,,,
1982/06/30,1170,,,,
1982/07/01,1090,,,,
1982/07/02,1020,,,,
1982/07/03,962,,,,
1982/07/04,982,,,,
1982/07/05,1130,,,,
1982/07/06,1150,,,,
1982/07/07,1110,,,,
1982/07/08,1180,,,,
1982/07/09,2020,,,,
1982/07/10,2780,,,,
1982/07/11,3210,,,,
1982/07/12,3080,,,,
1982/07/13,2770,,,,
1982/07/14,2520,,,,
1982/07/15,2400,,,,
1982/07/16,2200,,,,
1982/07/17,1970,,,,
1982/07/18,1790,,,,
1982/07/19,1780,,,,
1982/07/20,2430,,,,
1982/07/21,2700,,,,
1982/07/22,2590,,,,
1982/07/23,2380,,,,
1982/07/24,2200,,,,
1982/07/25,2100,,,,
1982/07/26,2100,,,,
1982/07/27,2090,,,,
1982/07/28,2000,,,,
1982/07/29,1840,,,,
1982/07/30,1690,,,,
1982/07/31,1560,,,,
1982/08/01,1470,,,,
1982/08/02,1360,,,,
1982/08/03,1290,,,,
1982/08/04,1250,,,,
1982/08/05,1200,,,,
1982/08/06,1210,,,,
1982/08/07,1400,,,,
1982/08/08,1800,,,,
1982/08/09,1880,,,,
1982/08/10,1770,,,,
1982/08/11,1580,,,,
1982/08/12,1410,,,,
1982/08/13,1280,,,,
1982/08/14,1180,,,,
1982/08/15,1130,,,,
1982/08/16,1090,,,,
1982/08/17,1080,,,,
1982/08/18,1080,,,,
1982/08/19,1060,,,,
1982/08/20,1000,,,,
1982/08/21,963,,,,
1982/08/22,958,,,,
1982/08/23,965,,,,
1982/08/24,965,,,,
1982/08/25,932,,,,
1982/08/26,909,,,,
1982/08/27,884,,,,
1982/08/28,870,,,,
1982/08/29,867,,,,
1982/08/30,871,,,,
1982/08/31,870,,,,
1982/09/01,871,,,,
1982/09/02,877,,,,
1982/09/03,900,,,,
1982/09/04,919,,,,
1982/09/05,936,,,,
1982/09/06,938,,,,
1982/09/07,911,,,,
1982/09/08,881,,,,
1982/09/09,851,,,,
1982/09/10,835,,,,
1982/09/11,869,,,,
1982/09/12,985,,,,
1982/09/13,1050,,,,
1982/09/14,1010,,,,
1982/09/15,967,,,,
1982/09/16,969,,,,
1982/09/17,1040,,,,
1982/09/18,1030,,,,
1982/09/19,968,,,,
1982/09/20,901,,,,
1982/09/21,852,,,,
1982/09/22,826,,,,
1982/09/23,808,,,,
1982/09/24,787,,,,
1982/09/25,763,,,,
1982/09/26,738,,,,
1982/09/27,719,,,,
1982/09/28,706,,,,
1982/09/29,690,,,,
1982/09/30,677,,,,
1982/10/01,667,,,,
1982/10/02,670,,,,
1982/10/03,664,,,,
1982/10/04,671,,,,
1982/10/05,708,,,,
1982/10/06,761,,,,
1982/10/07,785,,,,
1982/10/08,773,,,,
1982/10/09,756,,,,
1982/10/10,749,,,,
1982/10/11,777,,,,
1982/10/12,781,,,,
1982/10/13,747,,,,
1982/10/14,733,,,,
1982/10/15,713,,,,
1982/10/16,696,,,,
1982/10/17,686,,,,
1982/10/18,662,,,,
1982/10/19,648,,,,
1982/10/20,643,,,,
1982/10/21,639,,,,
1982/10/22,623,,,,
1982/10/23,619,,,,
1982/10/24,630,,,,
1982/10/25,634,,,,
1982/10/26,632,,,,
1982/10/27,623,,,,
1982/10/28,604,,,,
1982/10/29,600,,,,
1982/10/30,580,,,,
1982/10/31,570,,,,
1983/05/01,899,,,,
1983/05/02,853,,,,
1983/05/03,815,,,,
1983/05/04,800,,,,
1983/05/05,787,,,,
1983/05/06,768,,,,
1983/05/07,752,,,,
1983/05/08,739,,,,
1983/05/09,724,,,,
1983/05/10,716,,,,
1983/05/11,707,,,,
1983/05/12,694,,,,
1983/05/13,689,,,,
1983/05/14,687,,,,
1983/05/15,694,,,,
1983/05/16,713,,,,
1983/05/17,721,,,,
1983/05/18,720,,,,
1983/05/19,706,,,,
1983/05/20,691,,,,
1983/05/21,676,,,,
1983/05/22,667,,,,
1983/05/23,668,,,,
1983/05/24,677,,,,
1983/05/25,687,,,,
1983/05/26,693,,,,
1983/05/27,693,,,,
1983/05/28,690,,,,
1983/05/29,678,,,,
1983/05/30,667,,,,
1983/05/31,666,,,,
1983/06/01,673,,,,
1983/06/02,696,,,,
1983/06/03,732,,,,
1983/06/04,752,,,,
1983/06/05,751,,,,
1983/06/06,795,,,,
1983/06/07,939,,,,
1983/06/08,1010,,,,
1983/06/09,995,,,,
1983/06/10,946,,,,
1983/06/11,884,,,,
1983/06/12,838,,,,
1983/06/13,811,,,,
1983/06/14,793,,,,
1983/06/15,791,,,,
1983/06/16,816,,,,
1983/06/17,832,,,,
1983/06/18,835,,,,
1983/06/19,817,,,,
1983/06/20,777,,,,
1983/06/21,728,,,,
1983/06/22,704,,,,
1983/06/23,706,,,,
1983/06/24,727,,,,
1983/06/25,794,,,,
1983/06/26,1060,,,,
1983/06/27,1200,,,,
1983/06/28,1170,,,,
1983/06/29,1160,,,,
1983/06/30,1340,,,,
1983/07/01,1830,,,,
1983/07/02,1830,,,,
1983/07/03,1650,,,,
1983/07/04,1520,,,,
1983/07/05,1450,,,,
1983/07/06,1400,,,,
1983/07/07,1500,,,,
1983/07/08,1680,,,,
1983/07/09,1730,,,,
1983/07/10,1700,,,,
1983/07/11,1630,,,,
1983/07/12,1540,,,,
1983/07/13,1540,,,,
1983/07/14,1630,,,,
1983/07/15,1640,,,,
1983/07/16,1600,,,,
1983/07/17,1600,,,,
1983/07/18,1540,,,,
1983/07/19,1530,,,,
1983/07/20,1580,,,,
1983/07/21,1670,,,,
1983/07/22,1750,,,,
1983/07/23,1830,,,,
1983/07/24,2020,,,,
1983/07/25,2170,,,,
1983/07/26,2090,,,,
1983/07/27,1970,,,,
1983/07/28,1890,,,,
1983/07/29,1900,,,,
1983/07/30,1970,,,,
1983/07/31,2100,,,,
1983/08/01,2310,,,,
1983/08/02,2290,,,,
1983/08/03,2120,,,,
1983/08/04,1940,,,,
1983/08/05,1780,,,,
1983/08/06,1640,,,,
1983/08/07,1510,,,,
1983/08/08,1450,,,,
1983/08/09,1410,,,,
1983/08/10,1360,,,,
1983/08/11,1300,,,,
1983/08/12,1220,,,,
1983/08/13,1140,,,,
1983/08/14,1090,,,,
1983/08/15,1050,,,,
1983/08/16,1010,,,,
1983/08/17,995,,,,
1983/08/18,988,,,,
1983/08/19,993,,,,
1983/08/20,982,,,,
1983/08/21,958,,,,
1983/08/22,945,,,,
1983/08/23,941,,,,
1983/08/24,905,,,,
1983/08/25,868,,,,
1983/08/26,836,,,,
1983/08/27,810,,,,
1983/08/28,778,,,,
1983/08/29,749,,,,
1983/08/30,723,,,,
1983/08/31,703,,,,
1983/09/01,687,,,,
1983/09/02,677,,,,
1983/09/03,670,,,,
1983/09/04,672,,,,
1983/09/05,666,,,,
1983/09/06,666,,,,
1983/09/07,676,,,,
1983/09/08,684,,,,
1983/09/09,708,,,,
1983/09/10,743,,,,
1983/09/11,757,,,,
1983/09/12,752,,,,
1983/09/13,741,,,,
1983/09/14,726,,,,
1983/09/15,704,,,,
1983/09/16,681,,,,
1983/09/17,665,,,,
1983/09/18,653,,,,
1983/09/19,644,,,,
1983/09/20,630,,,,
1983/09/21,623,,,,
1983/09/22,622,,,,
1983/09/23,617,,,,
1983/09/24,612,,,,
1983/09/25,615,,,,
1983/09/26,619,,,,
1983/09/27,619,,,,
1983/09/28,606,,,,
1983/09/29,591,,,,
1983/09/30,574,,,,
1983/10/01,563,,,,
1983/10/02,556,,,,
1983/10/03,549,,,,
1983/10/04,548,,,,
1983/10/05,548,,,,
1983/10/06,563,,,,
1983/10/07,569,,,,
1983/10/08,559,,,,
1983/10/09,544,,,,
1983/10/10,533,,,,
1983/10/11,526,,,,
1983/10/12,523,,,,
1983/10/13,516,,,,
1983/10/14,511,,,,
1983/10/15,511,,,,
1983/10/16,518,,,,
1983/10/17,528,,,,
1983/10/18,526,,,,
1983/10/19,525,,,,
1983/10/20,523,,,,
1983/10/21,526,,,,
1983/10/22,525,,,,
1983/10/23,521,,,,
1983/10/24,521,,,,
1983/10/25,524,,,,
1983/10/26,519,,,,
1983/10/27,513,,,,
1983/10/28,510,,,,
1983/10/29,506,,,,
1983/10/30,501,,,,
1983/10/31,495,,,,
1984/05/01,799,,,,
1984/05/02,781,,,,
1984/05/03,752,,,,
1984/05/04,728,,,,
1984/05/05,716,,,,
1984/05/06,713,,,,
1984/05/07,714,,,,
1984/05/08,717,,,,
1984/05/09,726,,,,
1984/05/10,726,,,,
1984/05/11,724,,,,
1984/05/12,725,,,,
1984/05/13,751,,,,
1984/05/14,749,,,,
1984/05/15,744,,,,
1984/05/16,749,,,,
1984/05/17,787,,,,
1984/05/18,833,,,,
1984/05/19,830,,,,
1984/05/20,834,,,,
1984/05/21,855,,,,
1984/05/22,775,,,,
1984/05/23,1050,,,,
1984/05/24,1500,,,,
1984/05/25,1550,,,,
1984/05/26,1510,,,,
1984/05/27,1460,,,,
1984/05/28,1410,,,,
1984/05/29,1350,,,,
1984/05/30,1310,,,,
1984/05/31,1270,,,,
1984/06/01,1250,,,,
1984/06/02,1290,,,,
1984/06/03,1630,,,,
1984/06/04,2070,,,,
1984/06/05,2210,,,,
1984/06/06,2210,,,,
1984/06/07,2220,,,,
1984/06/08,2200,,,,
1984/06/09,2060,,,,
1984/06/10,1910,,,,
1984/06/11,1800,,,,
1984/06/12,1840,,,,
1984/06/13,2210,,,,
1984/06/14,2290,,,,
1984/06/15,2260,,,,
1984/06/16,2130,,,,
1984/06/17,1980,,,,
1984/06/18,1880,,,,
1984/06/19,1850,,,,
1984/06/20,1850,,,,
1984/06/21,1870,,,,
1984/06/22,1890,,,,
1984/06/23,1830,,,,
1984/06/24,1680,,,,
1984/06/25,1520,,,,
1984/06/26,1380,,,,
1984/06/27,1270,,,,
1984/06/28,1190,,,,
1984/06/29,1150,,,,
1984/06/30,1190,,,,
1984/07/01,1260,,,,
1984/07/02,1310,,,,
1984/07/03,1310,,,,
1984/07/04,1310,,,,
1984/07/05,1440,,,,
1984/07/06,1620,,,,
1984/07/07,1600,,,,
1984/07/08,1450,,,,
1984/07/09,1370,,,,
1984/07/10,1350,,,,
1984/07/11,1370,,,,
1984/07/12,1420,,,,
1984/07/13,1500,,,,
1984/07/14,1490,,,,
1984/07/15,1400,,,,
1984/07/16,1320,,,,
1984/07/17,1270,,,,
1984/07/18,1260,,,,
1984/07/19,1260,,,,
1984/07/20,1260,,,,
1984/07/21,1220,,,,
1984/07/22,1170,,,,
1984/07/23,1130,,,,
1984/07/24,1120,,,,
1984/07/25,1120,,,,
1984/07/26,1120,,,,
1984/07/27,1090,,,,
1984/07/28,1030,,,,
1984/07/29,959,,,,
1984/07/30,888,,,,
1984/07/31,837,,,,
1984/08/01,820,,,,
1984/08/02,816,,,,
1984/08/03,824,,,,
1984/08/04,880,,,,
1984/08/05,936,,,,
1984/08/06,909,,,,
1984/08/07,900,,,,
1984/08/08,915,,,,
1984/08/09,914,,,,
1984/08/10,926,,,,
1984/08/11,924,,,,
1984/08/12,924,,,,
1984/08/13,929,,,,
1984/08/14,955,,,,
1984/08/15,968,,,,
1984/08/16,933,,,,
1984/08/17,887,,,,
1984/08/18,886,,,,
1984/08/19,888,,,,
1984/08/20,874,,,,
1984/08/21,857,,,,
1984/08/22,828,,,,
1984/08/23,792,,,,
1984/08/24,759,,,,
1984/08/25,741,,,,
1984/08/26,732,,,,
1984/08/27,731,,,,
1984/08/28,712,,,,
1984/08/29,693,,,,
1984/08/30,677,,,,
1984/08/31,670,,,,
1984/09/01,678,,,,
1984/09/02,694,,,,
1984/09/03,701,,,,
1984/09/04,709,,,,
1984/09/05,780,,,,
1984/09/06,788,,,,
1984/09/07,744,,,,
1984/09/08,711,,,,
1984/09/09,682,,,,
1984/09/10,675,,,,
1984/09/11,706,,,,
1984/09/12,725,,,,
1984/09/13,746,,,,
1984/09/14,830,,,,
1984/09/15,929,,,,
1984/09/16,952,,,,
1984/09/17,944,,,,
1984/09/18,952,,,,
1984/09/19,957,,,,
1984/09/20,934,,,,
1984/09/21,889,,,,
1984/09/22,848,,,,
1984/09/23,813,,,,
1984/09/24,781,,,,
1984/09/25,815,,,,
1984/09/26,1060,,,,
1984/09/27,1200,,,,
1984/09/28,1200,,,,
1984/09/29,1140,,,,
1984/09/30,1060,,,,
1984/10/01,992,,,,
1984/10/02,940,,,,
1984/10/03,886,,,,
1984/10/04,842,,,,
1984/10/05,807,,,,
1984/10/06,771,,,,
1984/10/07,748,,,,
1984/10/08,730,,,,
1984/10/09,719,,,,
1984/10/10,710,,,,
1984/10/11,726,,,,
1984/10/12,774,,,,
1984/10/13,829,,,,
1984/10/14,831,,,,
1984/10/15,813,,,,
1984/10/16,802,,,,
1984/10/17,836,,,,
1984/10/18,875,,,,
1984/10/19,896,,,,
1984/10/20,918,,,,
1984/10/21,939,,,,
1984/10/22,949,,,,
1984/10/23,960,,,,
1984/10/24,950,,,,
1984/10/25,922,,,,
1984/10/26,884,,,,
1984/10/27,840,,,,
1984/10/28,750,,,,
1984/10/29,660,,,,
1984/10/30,570,,,,
1984/10/31,500,,,,
2014/08/12,743,,,,
2014/08/13,742,,,,
2014/08/14,718,,,,
2014/08/15,719,,,,
2014/08/16,709,,,,
2014/08/17,680,,,,
2014/08/18,671,,,,
2014/08/19,638,,,,
2014/08/20,608,,,,
2014/08/21,600,,,,
2014/08/22,605,,,,
2014/08/23,604,,,,
2014/08/24,606,,,,
2014/08/25,631,,,,
2014/08/26,647,,,,
2014/08/27,646,,,,
2014/08/28,628,,,,
2014/08/29,604,,,,
2014/08/30,571,,,,
2014/08/31,548,,,,
2014/09/01,534,,,,
2014/09/02,523,,,,
2014/09/03,513,,,,
2014/09/04,503,,,,
2014/09/05,494,,,,
2014/09/06,515,,,,
2014/09/07,533,,,,
2014/09/08,529,,,,
2014/09/09,520,,,,
2014/09/10,502,,,,
2014/09/11,482,,,,
2014/09/12,470,,,,
2014/09/13,461,,,,
2014/09/14,450,,,,
2014/09/15,442,,,,
2014/09/16,436,,,,
2014/09/17,439,,,,
2014/09/18,445,,,,
2014/09/19,447,,,,
2014/09/20,439,,,,
2014/09/21,428,,,,
2014/09/22,419,,,,
2014/09/23,414,,,,
2014/09/24,410,,,,
2014/09/25,409,,,,
2014/09/26,411,,,,
2014/09/27,419,,,,
2014/09/28,442,,,,
2014/09/29,483,,,,
2014/09/30,505,,,,
2014/10/01,507,,,,
2014/10/02,507,,,,
2014/10/03,522,,,,
2014/10/04,559,,,,
2014/10/05,605,,,,
2014/10/06,611,,,,
2014/10/07,591,,,,
2014/10/08,564,,,,
2014/10/09,538,,,,
2014/10/10,517,,,,
2014/10/11,502,,,,
2014/10/12,487,,,,
2014/10/13,471,,,,
2014/10/14,457,,,,
2014/10/15,448,,,,
2014/10/16,442,,,,
2014/10/17,440,,,,
2014/10/18,435,,,,
2014/10/19,430,,,,
2014/10/20,421,,,,
2014/10/21,412,,,,
2014/10/22,411,,,,
2014/10/23,408,,,,
2014/10/24,406,,,,
2014/10/25,410,,,,
2014/10/26,415,,,,
2014/10/27,413,,,,
2014/10/28,416,,,,
2014/10/29,415,,,,
2014/10/30,411,,,,
2014/10/31,409,,,,
2014/11/01,412,,,,
2014/11/02,410,,,,
2014/11/03,408,,,,
2014/11/04,405,,,,
2014/11/05,402,,,,
2014/11/06,400,,,,
2014/11/07,394,,,,
2014/11/08,387,,,,
2014/11/09,366,,,,
2014/11/10,333,,,,
2014/11/11,299,,,,
2014/11/12,287,,,,
2014/11/13,293,,,,
2014/11/14,298,,,,
2014/11/15,295,,,,
2014/11/16,284,,,,
2014/11/17,275,,,,
2014/11/18,270,,,,
2014/11/19,267,,,,
2014/11/20,262,,,,
2014/11/21,254,,,,
2014/11/22,244,,,,
2014/11/23,235,,,,
2014/11/24,232,,,,
2014/11/25,234,,,,
2014/11/26,238,,,,
2014/11/27,243,,,,
2014/11/28,250,,,,
2014/11/29,256,,,,
2014/11/30,262,,,,
2014/12/01,267,,,,
2014/12/02,274,,,,
2014/12/03,279,,,,
2014/12/04,280,,,,
2014/12/05,276,,,,
2014/12/06,269,,,,
2014/12/07,264,,,,
2014/12/08,259,,,,
2014/12/09,255,,,,
2014/12/10,253,,,,
2014/12/11,247,,,,
2014/12/12,243,,,,
2014/12/13,242,,,,
2014/12/14,239,,,,
2014/12/15,234,,,,
2014/12/16,229,,,,
2014/12/17,222,,,,
2014/12/18,221,,,,
2014/12/19,222,,,,
2014/12/20,226,,,,
2014/12/21,230,,,,
2014/12/22,235,,,,
2014/12/23,239,,,,
2014/12/24,240,,,,
2014/12/25,238,,,,
2014/12/26,233,,,,
2014/12/27,227,,,,
2014/12/28,220,,,,
2014/12/29,213,,,,
2014/12/30,206,,,,
2014/12/31,202,,,,
2015/01/01,196,,,,
2015/01/02,195,,,,
2015/01/03,196,,,,
2015/01/04,200,,,,
2015/01/05,201,,,,
2015/01/06,201,,,,
2015/01/07,199,,,,
2015/01/08,195,,,,
2015/01/09,190,,,,
2015/01/10,182,,,,
2015/01/11,177,,,,
2015/01/12,174,,,,
2015/01/13,171,,,,
2015/01/14,167,,,,
2015/01/15,163,,,,
2015/01/16,160,,,,
2015/01/17,159,,,,
2015/01/18,163,,,,
2015/01/19,167,,,,
2015/01/20,170,,,,
2015/01/21,174,,,,
2015/01/22,177,,,,
2015/01/23,181,,,,
2015/01/24,181,,,,
2015/01/25,182,,,,
2015/01/26,182,,,,
2015/01/27,183,,,,
2015/01/28,182,,,,
2015/01/29,182,,,,
2015/01/30,185,,,,
2015/01/31,187,,,,
2015/02/01,188,,,,
2015/02/02,190,,,,
2015/02/03,192,,,,
2015/02/04,193,,,,
2015/02/05,197,,,,
2015/02/06,198,,,,
2015/02/07,200,,,,
2015/02/08,202,,,,
2015/02/09,195,,,,
2015/02/10,184,,,,
2015/02/11,180,,,,
2015/02/12,183,,,,
2015/02/13,187,,,,
2015/02/14,189,,,,
2015/02/15,188,,,,
2015/02/16,187,,,,
2015/02/17,188,,,,
2015/02/18,189,,,,
2015/02/19,188,,,,
2015/02/20,190,,,,
2015/02/21,192,,,,
2015/02/22,193,,,,
2015/02/23,195,,,,
2015/02/24,196,,,,
2015/02/25,198,,,,
2015/02/26,199,,,,
2015/02/27,200,,,,
2015/02/28,201,,,,
2015/03/01,202,,,,
2015/03/02,202,,,,
2015/03/03,202,,,,
2015/03/04,201,,,,
2015/03/05,199,,,,
2015/03/06,197,,,,
2015/03/07,195,,,,
2015/03/08,193,,,,
2015/03/09,192,,,,
2015/03/10,192,,,,
2015/03/11,193,,,,
2015/03/12,194,,,,
2015/03/13,193,,,,
2015/03/14,191,,,,
2015/03/15,192,,,,
2015/03/16,200,,,,
2015/03/17,215,,,,
2015/03/18,234,,,,
2015/03/19,252,,,,
2015/03/20,261,,,,
2015/03/21,260,,,,
2015/03/22,260,,,,
2015/03/23,275,,,,
2015/03/24,292,,,,
2015/03/25,295,,,,
2015/03/26,300,,,,
2015/03/27,317,,,,
2015/03/28,336,,,,
2015/03/29,347,,,,
2015/03/30,352,,,,
2015/03/31,353,,,,
2015/04/01,352,,,,
2015/04/02,351,,,,
2015/04/03,356,,,,
2015/04/04,366,,,,
2015/04/05,378,,,,
2015/04/06,386,,,,
2015/04/07,392,,,,
2015/04/08,459,,,,
2015/04/09,659,,,,
2015/04/10,967,,,,
2015/04/11,826,,,,
2015/04/12,796,,,,
2015/04/13,757,,,,
2015/04/14,740,,,,
2015/04/15,701,,,,
2015/04/16,738,,,,
2015/04/17,784,,,,
2015/04/18,775,,,,
2015/04/19,750,,,,
2015/04/20,734,,,,
2015/04/21,724,,,,
2015/04/22,727,,,,
2015/04/23,744,,,,
2015/04/24,765,,,,
2015/04/25,776,,,,
2015/04/26,782,,,,
2015/04/27,801,,,,
2015/04/28,810,,,,
2015/04/29,843,,,,
2015/04/30,898,,,,
2015/05/01,915,,,,
2015/05/02,892,,,,
2015/05/03,866,,,,
2015/05/04,848,,,,
2015/05/05,836,,,,
2015/05/06,832,,,,
2015/05/07,831,,,,
2015/05/08,834,,,,
2015/05/09,833,,,,
2015/05/10,827,,,,
2015/05/11,812,,,,
2015/05/12,801,,,,
2015/05/13,793,,,,
2015/05/14,783,,,,
2015/05/15,772,,,,
2015/05/16,753,,,,
2015/05/17,741,,,,
2015/05/18,728,,,,
2015/05/19,709,,,,
2015/05/20,688,,,,
2015/05/21,683,,,,
2015/05/22,697,,,,
2015/05/23,709,,,,
2015/05/24,724,,,,
2015/05/25,728,,,,
2015/05/26,726,,,,
2015/05/27,711,,,,
2015/05/28,717,,,,
2015/05/29,780,,,,
2015/05/30,845,,,,
2015/05/31,897,,,,
2015/06/01,934,,,,
2015/06/02,942,,,,
2015/06/03,959,,,,
2015/06/04,986,,,,
2015/06/05,1030,,,,
2015/06/06,1090,,,,
2015/06/07,1130,,,,
2015/06/08,1130,,,,
2015/06/09,1080,,,,
2015/06/10,1040,,,,
2015/06/11,1010,,,,
2015/06/12,1000,,,,
2015/06/13,985,,,,
2015/06/14,973,,,,
2015/06/15,983,,,,
2015/06/16,1010,,,,
2015/06/17,1010,,,,
2015/06/18,983,,,,
2015/06/19,922,,,,
2015/06/20,873,,,,
2015/06/21,831,,,,
2015/06/22,778,,,,
2015/06/23,735,,,,
2015/06/24,708,,,,
2015/06/25,700,,,,
2015/06/26,723,,,,
2015/06/27,754,,,,
2015/06/28,773,,,,
2015/06/29,754,,,,
2015/06/30,708,,,,
2015/07/01,677,,,,
2015/07/02,667,,,,
2015/07/03,668,,,,
2015/07/04,680,,,,
2015/07/05,715,,,,
2015/07/06,751,,,,
2015/07/07,775,,,,
2015/07/08,785,,,,
2015/07/09,780,,,,
2015/07/10,754,,,,
2015/07/11,722,,,,
2015/07/12,697,,,,
2015/07/13,674,,,,
2015/07/14,654,,,,
2015/07/15,645,,,,
2015/07/16,636,,,,
2015/07/17,628,,,,
2015/07/18,643,,,,
2015/07/19,677,,,,
2015/07/20,706,,,,
2015/07/21,721,,,,
2015/07/22,715,,,,
2015/07/23,691,,,,
2015/07/24,683,,,,
2015/07/25,694,,,,
2015/07/26,699,,,,
2015/07/27,703,,,,
2015/07/28,704,,,,
2015/07/29,715,,,,
2015/07/30,735,,,,
2015/07/31,708,,,,
2015/08/01,660,,,,
2015/08/02,618,,,,
2015/08/03,595,,,,
2015/08/04,585,,,,
2015/08/05,566,,,,
2015/08/06,544,,,,
2015/08/07,539,,,,
2015/08/08,550,,,,
2015/08/09,574,,,,
2015/08/10,587,,,,
2015/08/11,602,,,,
2015/08/12,604,,,,
2015/08/13,611,,,,
2015/08/14,611,,,,
2015/08/15,598,,,,
2015/08/16,575,,,,
2015/08/17,551,,,,
2015/08/18,531,,,,
2015/08/19,521,,,,
2015/08/20,512,,,,
2015/08/21,503,,,,
2015/08/22,501,,,,
2015/08/23,509,,,,
2015/08/24,526,,,,
2015/08/25,527,,,,
2015/08/26,505,,,,
2015/08/27,482,,,,
2015/08/28,466,,,,
2015/08/29,458,,,,
2015/08/30,458,,,,
2015/08/31,460,,,,
2015/09/01,448,,,,
2015/09/02,440,,,,
2015/09/03,444,,,,
2015/09/04,454,,,,
2015/09/05,444,,,,
2015/09/06,440,,,,
2015/09/07,446,,,,
2015/09/08,462,,,,
2015/09/09,485,,,,
2015/09/10,501,,,,
2015/09/11,524,,,,
2015/09/12,525,,,,
2015/09/13,502,,,,
2015/09/14,474,,,,
2015/09/15,452,,,,
2015/09/16,437,,,,
2015/09/17,425,,,,
2015/09/18,416,,,,
2015/09/19,411,,,,
2015/09/20,411,,,,
2015/09/21,418,,,,
2015/09/22,440,,,,
2015/09/23,469,,,,
2015/09/24,469,,,,
2015/09/25,455,,,,
2015/09/26,437,,,,
2015/09/27,423,,,,
2015/09/28,408,,,,
2015/09/29,413,,,,
2015/09/30,522,,,,
2015/10/01,564,,,,
2015/10/02,525,,,,
2015/10/03,485,,,,
2015/10/04,462,,,,
2015/10/05,457,,,,
2015/10/06,455,,,,
2015/10/07,441,,,,
2015/10/08,423,,,,
2015/10/09,411,,,,
2015/10/10,403,,,,
2015/10/11,393,,,,
2015/10/12,390,,,,
2015/10/13,391,,,,
2015/10/14,386,,,,
2015/10/15,378,,,,
2015/10/16,372,,,,
2015/10/17,366,,,,
2015/10/18,362,,,,
2015/10/19,360,,,,
2015/10/20,366,,,,
2015/10/21,396,,,,
2015/10/22,407,,,,
2015/10/23,392,,,,
2015/10/24,373,,,,
2015/10/25,362,,,,
2015/10/26,353,,,,
2015/10/27,349,,,,
2015/10/28,345,,,,
2015/10/29,343,,,,
2015/10/30,345,,,,
2015/10/31,345,,,,
2015/11/01,341,,,,
2015/11/02,337,,,,
2015/11/03,336,,,,
2015/11/04,335,,,,
2015/11/05,325,,,,
2015/11/06,315,,,,
2015/11/07,303,,,,
2015/11/08,296,,,,
2015/11/09,294,,,,
2015/11/10,294,,,,
2015/11/11,286,,,,
2015/11/12,268,,,,
2015/11/13,256,,,,
2015/11/14,251,,,,
2015/11/15,252,,,,
2015/11/16,251,,,,
2015/11/17,246,,,,
2015/11/18,241,,,,
2015/11/19,234,,,,
2015/11/20,226,,,,
2015/11/21,221,,,,
2015/11/22,219,,,,
2015/11/23,221,,,,
2015/11/24,224,,,,
2015/11/25,226,,,,
2015/11/26,225,,,,
2015/11/27,220,,,,
2015/11/28,213,,,,
2015/11/29,205,,,,
2015/11/30,199,,,,
2015/12/01,195,,,,
2015/12/02,194,,,,
2015/12/03,196,,,,
2015/12/04,198,,,,
2015/12/05,199,,,,
2015/12/06,198,,,,
2015/12/07,194,,,,
2015/12/08,189,,,,
2015/12/09,183,,,,
2015/12/10,178,,,,
2015/12/11,175,,,,
2015/12/12,172,,,,
2015/12/13,171,,,,
2015/12/14,170,,,,
2015/12/15,170,,,,
2015/12/16,170,,,,
2015/12/17,169,,,,
2015/12/18,169,,,,
2015/12/19,170,,,,
2015/12/20,172,,,,
2015/12/21,172,,,,
2015/12/22,171,,,,
2015/12/23,168,,,,
2015/12/24,164,,,,
2015/12/25,159,,,,
2015/12/26,155,,,,
2015/12/27,152,,,,
2015/12/28,148,,,,
2015/12/29,145,,,,
2015/12/30,140,,,,
2015/12/31,136,,,,
2016/01/01,132,,,,
2016/01/02,128,,,,
2016/01/03,126,,,,
2016/01/04,125,,,,
2016/01/05,125,,,,
2016/01/06,125,,,,
2016/01/07,128,,,,
2016/01/08,130,,,,
2016/01/09,128,,,,
2016/01/10,125,,,,
2016/01/11,122,,,,
2016/01/12,120,,,,
2016/01/13,119,,,,
2016/01/14,116,,,,
2016/01/15,116,,,,
2016/01/16,115,,,,
2016/01/17,114,,,,
2016/01/18,112,,,,
2016/01/19,110,,,,
2016/01/20,110,,,,
2016/01/21,112,,,,
2016/01/22,114,,,,
2016/01/23,116,,,,
2016/01/24,118,,,,
2016/01/25,120,,,,
2016/01/26,121,,,,
2016/01/27,122,,,,
2016/01/28,124,,,,
2016/01/29,127,,,,
2016/01/30,128,,,,
2016/01/31,127,,,,
2016/02/01,127,,,,
2016/02/02,127,,,,
2016/02/03,127,,,,
2016/02/04,128,,,,
2016/02/05,130,,,,
2016/02/06,131,,,,
2016/02/07,132,,,,
2016/02/08,132,,,,
2016/02/09,132,,,,
2016/02/10,133,,,,
2016/02/11,133,,,,
2016/02/12,134,,,,
2016/02/13,135,,,,
2016/02/14,134,,,,
2016/02/15,133,,,,
2016/02/16,132,,,,
2016/02/17,132,,,,
2016/02/18,132,,,,
2016/02/19,130,,,,
2016/02/20,130,,,,
2016/02/21,131,,,,
2016/02/22,132,,,,
2016/02/23,132,,,,
2016/02/24,132,,,,
2016/02/25,132,,,,
2016/02/26,132,,,,
2016/02/27,132,,,,
2016/02/28,133,,,,
2016/02/29,133,,,,
2016/03/01,134,,,,
2016/03/02,134,,,,
2016/03/03,135,,,,
2016/03/04,135,,,,
2016/03/05,136,,,,
2016/03/06,136,,,,
2016/03/07,135,,,,
2016/03/08,134,,,,
2016/03/09,134,,,,
2016/03/10,133,,,,
2016/03/11,133,,,,
2016/03/12,134,,,,
2016/03/13,136,,,,
2016/03/14,138,,,,
2016/03/15,139,,,,
2016/03/16,140,,,,
2016/03/17,142,,,,
2016/03/18,144,,,,
2016/03/19,146,,,,
2016/03/20,148,,,,
2016/03/21,151,,,,
2016/03/22,152,,,,
2016/03/23,154,,,,
2016/03/24,158,,,,
2016/03/25,164,,,,
2016/03/26,171,,,,
2016/03/27,179,,,,
2016/03/28,186,,,,
2016/03/29,193,,,,
2016/03/30,200,,,,
2016/03/31,207,,,,
2016/04/01,215,,,,
2016/04/02,224,,,,
2016/04/03,234,,,,
2016/04/04,242,,,,
2016/04/05,251,,,,
2016/04/06,263,,,,
2016/04/07,280,,,,
2016/04/08,308,,,,
2016/04/09,345,,,,
2016/04/10,378,,,,
2016/04/11,400,,,,
2016/04/12,409,,,,
2016/04/13,420,,,,
2016/04/14,434,,,,
2016/04/15,443,,,,
2016/04/16,451,,,,
2016/04/17,442,,,,
2016/04/18,429,,,,
2016/04/19,422,,,,
2016/04/20,421,,,,
2016/04/21,425,,,,
2016/04/22,439,,,,
2016/04/23,458,,,,
2016/04/24,477,,,,
2016/04/25,492,,,,
2016/04/26,499,,,,
2016/04/27,500,,,,
2016/04/28,495,,,,
2016/04/29,498,,,,
2016/04/30,517,,,,
2016/05/01,541,,,,
2016/05/02,558,,,,
2016/05/03,572,,,,
2016/05/04,573,,,,
2016/05/05,555,,,,
2016/05/06,532,,,,
2016/05/07,513,,,,
2016/05/08,496,,,,
2016/05/09,498,,,,
2016/05/10,515,,,,
2016/05/11,540,,,,
2016/05/12,560,,,,
2016/05/13,560,,,,
2016/05/14,544,,,,
2016/05/15,536,,,,
2016/05/16,559,,,,
2016/05/17,590,,,,
2016/05/18,585,,,,
2016/05/19,551,,,,
2016/05/20,511,,,,
2016/05/21,487,,,,
2016/05/22,464,,,,
2016/05/23,441,,,,
2016/05/24,432,,,,
2016/05/25,425,,,,
2016/05/26,452,,,,
2016/05/27,616,,,,
2016/05/28,848,,,,
2016/05/29,1040,,,,
2016/05/30,1180,,,,
2016/05/31,1230,,,,
2016/06/01,1240,,,,
2016/06/02,1290,,,,
2016/06/03,1400,,,,
2016/06/04,1400,,,,
2016/06/05,1310,,,,
2016/06/06,1210,,,,
2016/06/07,1120,,,,
2016/06/08,1040,,,,
2016/06/09,970,,,,
2016/06/10,933,,,,
2016/06/11,967,,,,
2016/06/12,1050,,,,
2016/06/13,1180,,,,
2016/06/14,1350,,,,
2016/06/15,1590,,,,
2016/06/16,1780,,,,
2016/06/17,1750,,,,
2016/06/18,1660,,,,
2016/06/19,1560,,,,
2016/06/20,1460,,,,
2016/06/21,1500,,,,
2016/06/22,1580,,,,
2016/06/23,1530,,,,
2016/06/24,1410,,,,
2016/06/25,1250,,,,
2016/06/26,1130,,,,
2016/06/27,1060,,,,
2016/06/28,1010,,,,
2016/06/29,990,,,,
2016/06/30,984,,,,
2016/07/01,979,,,,
2016/07/02,975,,,,
2016/07/03,961,,,,
2016/07/04,932,,,,
2016/07/05,929,,,,
2016/07/06,950,,,,
2016/07/07,1030,,,,
2016/07/08,1140,,,,
2016/07/09,1210,,,,
2016/07/10,1220,,,,
2016/07/11,1210,,,,
2016/07/12,1180,,,,
2016/07/13,1120,,,,
2016/07/14,1040,,,,
2016/07/15,988,,,,
2016/07/16,959,,,,
2016/07/17,948,,,,
2016/07/18,955,,,,
2016/07/19,974,,,,
2016/07/20,1020,,,,
2016/07/21,1070,,,,
2016/07/22,1170,,,,
2016/07/23,1220,,,,
2016/07/24,1180,,,,
2016/07/25,1130,,,,
2016/07/26,1080,,,,
2016/07/27,1030,,,,
2016/07/28,980,,,,
2016/07/29,930,,,,
2016/07/30,882,,,,
2016/07/31,839,,,,
2016/08/01,810,,,,
2016/08/02,815,,,,
2016/08/03,811,,,,
2016/08/04,797,,,,
2016/08/05,788,,,,
2016/08/06,785,,,,
2016/08/07,789,,,,
2016/08/08,795,,,,
2016/08/09,782,,,,
2016/08/10,756,,,,
2016/08/11,756,,,,
2016/08/12,763,,,,
2016/08/13,753,,,,
2016/08/14,778,,,,
2016/08/15,829,,,,
2016/08/16,848,,,,
2016/08/17,865,,,,
2016/08/18,864,,,,
2016/08/19,835,,,,
2016/08/20,791,,,,
2016/08/21,749,,,,
2016/08/22,723,,,,
2016/08/23,717,,,,
2016/08/24,706,,,,
2016/08/25,691,,,,
2016/08/26,690,,,,
2016/08/27,697,,,,
2016/08/28,716,,,,
2016/08/29,848,,,,
2016/08/30,1040,,,,
2016/08/31,1140,,,,
2016/09/01,1160,,,,
2016/09/02,1140,,,,
2016/09/03,1140,,,,
2016/09/04,1140,,,,
2016/09/05,1200,,,,
2016/09/06,1310,,,,
2016/09/07,1360,,,,
2016/09/08,1360,,,,
2016/09/09,1310,,,,
2016/09/10,1250,,,,
2016/09/11,1210,,,,
2016/09/12,1200,,,,
2016/09/13,1190,,,,
2016/09/14,1160,,,,
2016/09/15,1120,,,,
2016/09/16,1070,,,,
2016/09/17,1060,,,,
2016/09/18,1030,,,,
2016/09/19,1010,,,,
2016/09/20,988,,,,
2016/09/21,951,,,,
2016/09/22,909,,,,
2016/09/23,868,,,,
2016/09/24,836,,,,
2016/09/25,811,,,,
2016/09/26,794,,,,
2016/09/27,789,,,,
2016/09/28,775,,,,
2016/09/29,746,,,,
2016/09/30,722,,,,
2016/10/01,696,,,,
2016/10/02,682,,,,
2016/10/03,677,,,,
2016/10/04,684,,,,
2016/10/05,701,,,,
2016/10/06,717,,,,
2016/10/07,746,,,,
2016/10/08,767,,,,
2016/10/09,772,,,,
2016/10/10,789,,,,
2016/10/11,801,,,,
2016/10/12,792,,,,
2016/10/13,773,,,,
2016/10/14,750,,,,
2016/10/15,730,,,,
2016/10/16,719,,,,
2016/10/17,710,,,,
2016/10/18,705,,,,
2016/10/19,694,,,,
2016/10/20,683,,,,
2016/10/21,675,,,,
2016/10/22,669,,,,
2016/10/23,671,,,,
2016/10/24,677,,,,
2016/10/25,680,,,,
2016/10/26,684,,,,
2016/10/27,691,,,,
2016/10/28,699,,,,
2016/10/29,715,,,,
2016/10/30,726,,,,
2016/10/31,734,,,,
2016/11/01,742,,,,
2016/11/02,741,,,,
2016/11/03,725,,,,
2016/11/04,704,,,,
2016/11/05,695,,,,
2016/11/06,705,,,,
2016/11/07,716,,,,
2016/11/08,715,,,,
2016/11/09,705,,,,
2016/11/10,701,,,,
2016/11/11,698,,,,
2016/11/12,696,,,,
2016/11/13,693,,,,
2016/11/14,687,,,,
2016/11/15,676,,,,
2016/11/16,666,,,,
2016/11/17,653,,,,
2016/11/18,595,,,,
2016/11/19,567,,,,
2016/11/20,566,,,,
2016/11/21,530,,,,
2016/11/22,492,,,,
2016/11/23,470,,,,
2016/11/24,458,,,,
2016/11/25,459,,,,
2016/11/26,471,,,,
2016/11/27,473,,,,
2016/11/28,456,,,,
2016/11/29,427,,,,
2016/11/30,401,,,,
2016/12/01,389,,,,
2016/12/02,398,,,,
2016/12/03,413,,,,
2016/12/04,414,,,,
2016/12/05,387,,,,
2016/12/06,345,,,,
2016/12/07,299,,,,
2016/12/08,262,,,,
2016/12/09,238,,,,
2016/12/10,217,,,,
2016/12/11,196,,,,
2016/12/12,175,,,,
2016/12/13,154,,,,
2016/12/14,143,,,,
2016/12/15,140,,,,
2016/12/16,136,,,,
2016/12/17,133,,,,
2016/12/18,137,,,,
2016/12/19,143,,,,
2016/12/20,159,,,,
2016/12/21,184,,,,
2016/12/22,194,,,,
2016/12/23,194,,,,
2016/12/24,190,,,,
2016/12/25,185,,,,
2016/12/26,181,,,,
2016/12/27,181,,,,
2016/12/28,187,,,,
2016/12/29,198,,,,
2016/12/30,211,,,,
2016/12/31,221,,,,
2017/01/01,225,,,,
2017/01/02,228,,,,
2017/01/03,229,,,,
2017/01/04,228,,,,
2017/01/05,225,,,,
2017/01/06,223,,,,
2017/01/07,222,,,,
2017/01/08,222,,,,
2017/01/09,224,,,,
2017/01/10,226,,,,
2017/01/11,229,,,,
2017/01/12,233,,,,
2017/01/13,240,,,,
2017/01/14,246,,,,
2017/01/15,247,,,,
2017/01/16,246,,,,
2017/01/17,244,,,,
2017/01/18,240,,,,
2017/01/19,235,,,,
2017/01/20,231,,,,
2017/01/21,227,,,,
2017/01/22,225,,,,
2017/01/23,223,,,,
2017/01/24,221,,,,
2017/01/25,220,,,,
2017/01/26,218,,,,
2017/01/27,217,,,,
2017/01/28,217,,,,
2017/01/29,217,,,,
2017/01/30,219,,,,
2017/01/31,221,,,,
2017/02/01,223,,,,
2017/02/02,221,,,,
2017/02/03,217,,,,
2017/02/04,214,,,,
2017/02/05,211,,,,
2017/02/06,210,,,,
2017/02/07,209,,,,
2017/02/08,207,,,,
2017/02/09,205,,,,
2017/02/10,203,,,,
2017/02/11,200,,,,
2017/02/12,197,,,,
2017/02/13,196,,,,
2017/02/14,196,,,,
2017/02/15,194,,,,
2017/02/16,192,,,,
2017/02/17,190,,,,
2017/02/18,188,,,,
2017/02/19,187,,,,
2017/02/20,188,,,,
2017/02/21,189,,,,
2017/02/22,191,,,,
2017/02/23,193,,,,
2017/02/24,195,,,,
2017/02/25,197,,,,
2017/02/26,199,,,,
2017/02/27,200,,,,
2017/02/28,201,,,,
2017/03/01,202,,,,
2017/03/02,203,,,,
2017/03/03,202,,,,
2017/03/04,200,,,,
2017/03/05,197,,,,
2017/03/06,194,,,,
2017/03/07,192,,,,
2017/03/08,191,,,,
2017/03/09,192,,,,
2017/03/10,194,,,,
2017/03/11,196,,,,
2017/03/12,197,,,,
2017/03/13,196,,,,
2017/03/14,193,,,,
2017/03/15,191,,,,
2017/03/16,191,,,,
2017/03/17,189,,,,
2017/03/18,188,,,,
2017/03/19,186,,,,
2017/03/20,185,,,,
2017/03/21,185,,,,
2017/03/22,184,,,,
2017/03/23,183,,,,
2017/03/24,184,,,,
2017/03/25,185,,,,
2017/03/26,186,,,,
2017/03/27,190,,,,
2017/03/28,195,,,,
2017/03/29,201,,,,
2017/03/30,206,,,,
2017/03/31,212,,,,
2017/04/01,217,,,,
2017/04/02,223,,,,
2017/04/03,230,,,,
2017/04/04,238,,,,
2017/04/05,251,,,,
2017/04/06,266,,,,
2017/04/07,279,,,,
2017/04/08,295,,,,
2017/04/09,318,,,,
2017/04/10,343,,,,
2017/04/11,380,,,,
2017/04/12,415,,,,
2017/04/13,452,,,,
2017/04/14,491,,,,
2017/04/15,525,,,,
2017/04/16,556,,,,
2017/04/17,582,,,,
2017/04/18,603,,,,
2017/04/19,618,,,,
2017/04/20,624,,,,
2017/04/21,638,,,,
2017/04/22,629,,,,
2017/04/23,651,,,,
2017/04/24,683,,,,
2017/04/25,727,,,,
2017/04/26,807,,,,
2017/04/27,926,,,,
2017/04/28,1010,,,,
2017/04/29,1070,,,,
2017/04/30,1090,,,,
2017/05/01,1090,,,,
2017/05/02,1090,,,,
2017/05/03,1090,,,,
2017/05/04,1110,,,,
2017/05/05,1150,,,,
2017/05/06,1240,,,,
2017/05/07,1320,,,,
2017/05/08,1370,,,,
2017/05/09,1390,,,,
2017/05/10,1430,,,,
2017/05/11,1520,,,,
2017/05/12,1650,,,,
2017/05/13,1700,,,,
2017/05/14,1640,,,,
2017/05/15,1590,,,,
2017/05/16,1610,,,,
2017/05/17,1690,,,,
2017/05/18,1940,,,,
2017/05/19,2360,,,,
2017/05/20,2440,,,,
2017/05/21,2290,,,,
2017/05/22,2120,,,,
2017/05/23,1960,,,,
2017/05/24,1830,,,,
2017/05/25,1720,,,,
2017/05/26,1610,,,,
2017/05/27,1520,,,,
2017/05/28,1460,,,,
2017/05/29,1460,,,,
2017/05/30,1700,,,,
2017/05/31,1970,,,,
2017/06/01,1930,,,,
2017/06/02,1790,,,,
2017/06/03,1720,,,,
2017/06/04,1730,,,,
2017/06/05,1780,,,,
2017/06/06,1860,,,,
2017/06/07,1930,,,,
2017/06/08,1930,,,,
2017/06/09,1880,,,,
2017/06/10,1770,,,,
2017/06/11,1650,,,,
2017/06/12,1550,,,,
2017/06/13,1470,,,,
2017/06/14,1440,,,,
2017/06/15,1760,,,,
2017/06/16,2350,,,,
2017/06/17,2460,,,,
2017/06/18,2290,,,,
2017/06/19,2140,,,,
2017/06/20,2010,,,,
2017/06/21,1910,,,,
2017/06/22,1800,,,,
2017/06/23,1680,,,,
2017/06/24,1580,,,,
2017/06/25,1480,,,,
2017/06/26,1400,,,,
2017/06/27,1340,,,,
2017/06/28,1340,,,,
2017/06/29,1320,,,,
2017/06/30,1260,,,,
2017/07/01,1190,,,,
2017/07/02,1170,,,,
2017/07/03,1200,,,,
2017/07/04,1310,,,,
2017/07/05,1390,,,,
2017/07/06,1370,,,,
2017/07/07,1330,,,,
2017/07/08,1310,,,,
2017/07/09,1350,,,,
2017/07/10,1380,,,,
2017/07/11,1320,,,,
2017/07/12,1230,,,,
2017/07/13,1160,,,,
2017/07/14,1130,,,,
2017/07/15,1110,,,,
2017/07/16,1110,,,,
2017/07/17,1100,,,,
2017/07/18,1080,,,,
2017/07/19,1070,,,,
2017/07/20,1050,,,,
2017/07/21,1030,,,,
2017/07/22,1010,,,,
2017/07/23,981,,,,
2017/07/24,962,,,,
2017/07/25,938,,,,
2017/07/26,906,,,,
2017/07/27,914,,,,
2017/07/28,1060,,,,
2017/07/29,1150,,,,
2017/07/30,1180,,,,
2017/07/31,1180,,,,
2017/08/01,1170,,,,
2017/08/02,1100,,,,
2017/08/03,1040,,,,
2017/08/04,1000,,,,
2017/08/05,979,,,,
2017/08/06,971,,,,
2017/08/07,964,,,,
2017/08/08,942,,,,
2017/08/09,920,,,,
2017/08/10,910,,,,
2017/08/11,901,,,,
2017/08/12,896,,,,
2017/08/13,900,,,,
2017/08/14,909,,,,
2017/08/15,916,,,,
2017/08/16,894,,,,
2017/08/17,866,,,,
2017/08/18,837,,,,
2017/08/19,814,,,,
2017/08/20,794,,,,
2017/08/21,779,,,,
2017/08/22,770,,,,
2017/08/23,754,,,,
2017/08/24,726,,,,
2017/08/25,704,,,,
2017/08/26,688,,,,
2017/08/27,674,,,,
2017/08/28,674,,,,
2017/08/29,664,,,,
2017/08/30,640,,,,
2017/08/31,620,,,,
2017/09/01,608,,,,
2017/09/02,606,,,,
2017/09/03,601,,,,
2017/09/04,579,,,,
2017/09/05,555,,,,
2017/09/06,545,,,,
2017/09/07,550,,,,
2017/09/08,554,,,,
2017/09/09,551,,,,
2017/09/10,545,,,,
2017/09/11,531,,,,
2017/09/12,524,,,,
2017/09/13,531,,,,
2017/09/14,526,,,,
2017/09/15,513,,,,
2017/09/16,506,,,,
2017/09/17,510,,,,
2017/09/18,528,,,,
2017/09/19,559,,,,
2017/09/20,560,,,,
2017/09/21,557,,,,
2017/09/22,583,,,,
2017/09/23,590,,,,
2017/09/24,572,,,,
2017/09/25,567,,,,
2017/09/26,575,,,,
2017/09/27,617,,,,
2017/09/28,760,,,,
2017/09/29,825,,,,
2017/09/30,815,,,,
2017/10/01,790,,,,
2017/10/02,762,,,,
2017/10/03,752,,,,
2017/10/04,745,,,,
2017/10/05,737,,,,
2017/10/06,734,,,,
2017/10/07,721,,,,
2017/10/08,709,,,,
2017/10/09,698,,,,
2017/10/10,682,,,,
2017/10/11,659,,,,
2017/10/12,635,,,,
2017/10/13,620,,,,
2017/10/14,611,,,,
2017/10/15,606,,,,
2017/10/16,604,,,,
2017/10/17,602,,,,
2017/10/18,603,,,,
2017/10/19,609,,,,
2017/10/20,626,,,,
2017/10/21,645,,,,
2017/10/22,662,,,,
2017/10/23,671,,,,
2017/10/24,679,,,,
2017/10/25,683,,,,
2017/10/26,707,,,,
2017/10/27,750,,,,
2017/10/28,754,,,,
2017/10/29,739,,,,
2017/10/30,723,,,,
2017/10/31,708,,,,
2017/11/01,698,,,,
2017/11/02,696,,,,
2017/11/03,689,,,,
2017/11/04,671,,,,
2017/11/05,703,,,,
2017/11/06,692,,,,
2017/11/07,632,,,,
2017/11/08,552,,,,
2017/11/09,498,,,,
2017/11/10,477,,,,
2017/11/11,475,,,,
2017/11/12,440,,,,
2017/11/13,355,,,,
2017/11/14,289,,,,
2017/11/15,298,,,,
2017/11/16,329,,,,
2017/11/17,326,,,,
2017/11/18,307,,,,
2017/11/19,283,,,,
2017/11/20,265,,,,
2017/11/21,263,,,,
2017/11/22,287,,,,
2017/11/23,318,,,,
2017/11/24,330,,,,
2017/11/25,330,,,,
2017/11/26,342,,,,
2017/11/27,356,,,,
2017/11/28,359,,,,
2017/11/29,344,,,,
2017/11/30,327,,,,
2017/12/01,325,,,,
2017/12/02,320,,,,
2017/12/03,329,,,,
2017/12/04,331,,,,
2017/12/05,320,,,,
2017/12/06,322,,,,
2017/12/07,332,,,,
2017/12/08,330,,,,
2017/12/09,335,,,,
2017/12/10,342,,,,
2017/12/11,339,,,,
2017/12/12,335,,,,
2017/12/13,333,,,,
2017/12/14,342,,,,
2017/12/15,343,,,,
2017/12/16,332,,,,
2017/12/17,324,,,,
2017/12/18,316,,,,
2017/12/19,310,,,,
2017/12/20,298,,,,
2017/12/21,289,,,,
2017/12/22,297,,,,
2017/12/23,292,,,,
2017/12/24,289,,,,
2017/12/25,292,,,,
2017/12/26,294,,,,
2017/12/27,291,,,,
2017/12/28,285,,,,
2017/12/29,279,,,,
2017/12/30,275,,,,
2017/12/31,268,,,,
2018/01/01,261,,,,
2018/01/02,253,,,,
2018/01/03,249,,,,
2018/01/04,248,,,,
2018/01/05,243,,,,
2018/01/06,234,,,,
2018/01/07,227,,,,
2018/01/08,221,,,,
2018/01/09,217,,,,
2018/01/10,212,,,,
2018/01/11,206,,,,
2018/01/12,200,,,,
2018/01/13,197,,,,
2018/01/14,197,,,,
2018/01/15,199,,,,
2018/01/16,201,,,,
2018/01/17,204,,,,
2018/01/18,207,,,,
2018/01/19,210,,,,
2018/01/20,214,,,,
2018/01/21,218,,,,
2018/01/22,223,,,,
2018/01/23,225,,,,
2018/01/24,223,,,,
2018/01/25,219,,,,
2018/01/26,217,,,,
2018/01/27,215,,,,
2018/01/28,215,,,,
2018/01/29,216,,,,
2018/01/30,216,,,,
2018/01/31,216,,,,
2018/02/01,215,,,,
2018/02/02,214,,,,
2018/02/03,212,,,,
2018/02/04,210,,,,
2018/02/05,208,,,,
2018/02/06,205,,,,
2018/02/07,203,,,,
2018/02/08,202,,,,
2018/02/09,201,,,,
2018/02/10,200,,,,
2018/02/11,199,,,,
2018/02/12,198,,,,
2018/02/13,197,,,,
2018/02/14,197,,,,
2018/02/15,196,,,,
2018/02/16,195,,,,
2018/02/17,194,,,,
2018/02/18,194,,,,
2018/02/19,194,,,,
2018/02/20,194,,,,
2018/02/21,194,,,,
2018/02/22,195,,,,
2018/02/23,195,,,,
2018/02/24,196,,,,
2018/02/25,196,,,,
2018/02/26,197,,,,
2018/02/27,197,,,,
2018/02/28,197,,,,
2018/03/01,197,,,,
2018/03/02,197,,,,
2018/03/03,197,,,,
2018/03/04,197,,,,
2018/03/05,197,,,,
2018/03/06,198,,,,
2018/03/07,199,,,,
2018/03/08,199,,,,
2018/03/09,199,,,,
2018/03/10,200,,,,
2018/03/11,201,,,,
2018/03/12,202,,,,
2018/03/13,204,,,,
2018/03/14,204,,,,
2018/03/15,203,,,,
2018/03/16,202,,,,
2018/03/17,202,,,,
2018/03/18,202,,,,
2018/03/19,202,,,,
2018/03/20,203,,,,
2018/03/21,202,,,,
2018/03/22,203,,,,
2018/03/23,204,,,,
2018/03/24,205,,,,
2018/03/25,205,,,,
2018/03/26,205,,,,
2018/03/27,206,,,,
2018/03/28,207,,,,
2018/03/29,208,,,,
2018/03/30,209,,,,
2018/03/31,210,,,,
2018/04/01,210,,,,
2018/04/02,211,,,,
2018/04/03,211,,,,
2018/04/04,211,,,,
2018/04/05,211,,,,
2018/04/06,211,,,,
2018/04/07,211,,,,
2018/04/08,210,,,,
2018/04/09,210,,,,
2018/04/10,210,,,,
2018/04/11,209,,,,
2018/04/12,208,,,,
2018/04/13,208,,,,
2018/04/14,206,,,,
2018/04/15,205,,,,
2018/04/16,206,,,,
2018/04/17,211,,,,
2018/04/18,215,,,,
2018/04/19,218,,,,
2018/04/20,221,,,,
2018/04/21,225,,,,
2018/04/22,237,,,,
2018/04/23,261,,,,
2018/04/24,292,,,,
2018/04/25,342,,,,
2018/04/26,439,,,,
2018/04/27,577,,,,
2018/04/28,735,,,,
2018/04/29,935,,,,
2018/04/30,1190,,,,
2018/05/01,1510,,,,
2018/05/02,1890,,,,
2018/05/03,2280,,,,
2018/05/04,2690,,,,
2018/05/05,2770,,,,
2018/05/06,2480,,,,
2018/05/07,2220,,,,
2018/05/08,2030,,,,
2018/05/09,1900,,,,
2018/05/10,1810,,,,
2018/05/11,1710,,,,
2018/05/12,1620,,,,
2018/05/13,1540,,,,
2018/05/14,1480,,,,
2018/05/15,1440,,,,
2018/05/16,1410,,,,
2018/05/17,1380,,,,
2018/05/18,1350,,,,
2018/05/19,1320,,,,
2018/05/20,1280,,,,
2018/05/21,1280,,,,
2018/05/22,1300,,,,
2018/05/23,1350,,,,
2018/05/24,1380,,,,
2018/05/25,1360,,,,
2018/05/26,1320,,,,
2018/05/27,1300,,,,
2018/05/28,1290,,,,
2018/05/29,1270,,,,
2018/05/30,1260,,,,
2018/05/31,1280,,,,
2018/06/01,1300,,,,
2018/06/02,1290,,,,
2018/06/03,1240,,,,
2018/06/04,1170,,,,
2018/06/05,1140,,,,
2018/06/06,1120,,,,
2018/06/07,1060,,,,
2018/06/08,1010,,,,
2018/06/09,965,,,,
2018/06/10,925,,,,
2018/06/11,895,,,,
2018/06/12,885,,,,
2018/06/13,925,,,,
2018/06/14,971,,,,
2018/06/15,1020,,,,
2018/06/16,1200,,,,
2018/06/17,1600,,,,
2018/06/18,1770,,,,
2018/06/19,1660,,,,
2018/06/20,1520,,,,
2018/06/21,1420,,,,
2018/06/22,1340,,,,
2018/06/23,1280,,,,
2018/06/24,1240,,,,
2018/06/25,1200,,,,
2018/06/26,1170,,,,
2018/06/27,1190,,,,
2018/06/28,1250,,,,
2018/06/29,1330,,,,
2018/06/30,1450,,,,
2018/07/01,1510,,,,
2018/07/02,1510,,,,
2018/07/03,1510,,,,
2018/07/04,1490,,,,
2018/07/05,1490,,,,
2018/07/06,1490,,,,
2018/07/07,1470,,,,
2018/07/08,1460,,,,
2018/07/09,1550,,,,
2018/07/10,1890,,,,
2018/07/11,2130,,,,
2018/07/12,2040,,,,
2018/07/13,1950,,,,
2018/07/14,1830,,,,
2018/07/15,1660,,,,
2018/07/16,1510,,,,
2018/07/17,1390,,,,
2018/07/18,1310,,,,
2018/07/19,1240,,,,
2018/07/20,1180,,,,
2018/07/21,1170,,,,
2018/07/22,1200,,,,
2018/07/23,1260,,,,
2018/07/24,1320,,,,
2018/07/25,1370,,,,
2018/07/26,1480,,,,
2018/07/27,1690,,,,
2018/07/28,1800,,,,
2018/07/29,1770,,,,
2018/07/30,1700,,,,
2018/07/31,1590,,,,
2018/08/01,1480,,,,
2018/08/02,1380,,,,
2018/08/03,1310,,,,
2018/08/04,1250,,,,
2018/08/05,1200,,,,
2018/08/06,1190,,,,
2018/08/07,1200,,,,
2018/08/08,1200,,,,
2018/08/09,1220,,,,
2018/08/10,1200,,,,
2018/08/11,1140,,,,
2018/08/12,1070,,,,
2018/08/13,1010,,,,
2018/08/14,959,,,,
2018/08/15,924,,,,
2018/08/16,905,,,,
2018/08/17,882,,,,
2018/08/18,876,,,,
2018/08/19,882,,,,
2018/08/20,894,,,,
2018/08/21,889,,,,
2018/08/22,852,,,,
2018/08/23,806,,,,
2018/08/24,775,,,,
2018/08/25,758,,,,
2018/08/26,744,,,,
2018/08/27,722,,,,
2018/08/28,696,,,,
2018/08/29,674,,,,
2018/08/30,663,,,,
2018/08/31,674,,,,
2018/09/01,687,,,,
2018/09/02,701,,,,
2018/09/03,693,,,,
2018/09/04,680,,,,
2018/09/05,678,,,,
2018/09/06,671,,,,
2018/09/07,667,,,,
2018/09/08,676,,,,
2018/09/09,670,,,,
2018/09/10,663,,,,
2018/09/11,661,,,,
2018/09/12,653,,,,
2018/09/13,654,,,,
2018/09/14,655,,,,
2018/09/15,647,,,,
2018/09/16,638,,,,
2018/09/17,636,,,,
2018/09/18,644,,,,
2018/09/19,650,,,,
2018/09/20,646,,,,
2018/09/21,639,,,,
2018/09/22,637,,,,
2018/09/23,631,,,,
2018/09/24,618,,,,
2018/09/25,610,,,,
2018/09/26,606,,,,
2018/09/27,608,,,,
2018/09/28,612,,,,
2018/09/29,613,,,,
2018/09/30,615,,,,
2018/10/01,617,,,,
2018/10/02,618,,,,
2018/10/03,627,,,,
2018/10/04,643,,,,
2018/10/05,664,,,,
2018/10/06,696,,,,
2018/10/07,696,,,,
2018/10/08,679,,,,
2018/10/09,659,,,,
2018/10/10,630,,,,
2018/10/11,604,,,,
2018/10/12,594,,,,
2018/10/13,586,,,,
2018/10/14,577,,,,
2018/10/15,558,,,,
2018/10/16,549,,,,
2018/10/17,551,,,,
2018/10/18,548,,,,
2018/10/19,547,,,,
2018/10/20,542,,,,
2018/10/21,536,,,,
2018/10/22,533,,,,
2018/10/23,531,,,,
2018/10/24,524,,,,
2018/10/25,521,,,,
2018/10/26,518,,,,
2018/10/27,517,,,,
2018/10/28,514,,,,
2018/10/29,508,,,,
2018/10/30,501,,,,
2018/10/31,497,,,,
2018/11/01,491,,,,
2018/11/02,485,,,,
2018/11/03,478,,,,
2018/11/04,470,,,,
2018/11/05,460,,,,
2018/11/06,448,,,,
2018/11/07,433,,,,
2018/11/08,417,,,,
2018/11/09,400,,,,
2018/11/10,383,,,,
2018/11/11,366,,,,
2018/11/12,349,,,,
2018/11/13,334,,,,
2018/11/14,321,,,,
2018/11/15,309,,,,
2018/11/16,300,,,,
2018/11/17,292,,,,
2018/11/18,285,,,,
2018/11/19,279,,,,
2018/11/20,275,,,,
2018/11/21,272,,,,
2018/11/22,269,,,,
2018/11/23,267,,,,
2018/11/24,266,,,,
2018/11/25,265,,,,
2018/11/26,265,,,,
2018/11/27,265,,,,
2018/11/28,265,,,,
2018/11/29,265,,,,
2018/11/30,265,,,,
2018/12/01,264,,,,
2018/12/02,264,,,,
2018/12/03,263,,,,
2018/12/04,263,,,,
2018/12/05,262,,,,
2018/12/06,260,,,,
2018/12/07,258,,,,
2018/12/08,256,,,,
2018/12/09,253,,,,
2018/12/10,250,,,,
2018/12/11,248,,,,
2018/12/12,247,,,,
2018/12/13,247,,,,
2018/12/14,248,,,,
2018/12/15,248,,,,
2018/12/16,248,,,,
2018/12/17,248,,,,
2018/12/18,249,,,,
2018/12/19,249,,,,
2018/12/20,249,,,,
2018/12/21,250,,,,
2018/12/22,250,,,,
2018/12/23,250,,,,
2018/12/24,251,,,,
2018/12/25,251,,,,
2018/12/26,251,,,,
2018/12/27,252,,,,
2018/12/28,252,,,,
2018/12/29,252,,,,
2018/12/30,252,,,,
2018/12/31,253,,,,
2019/01/01,253,,,,
2019/01/02,253,,,,
2019/01/03,254,,,,
2019/01/04,254,,,,
2019/01/05,255,,,,
2019/01/06,255,,,,
2019/01/07,256,,,,
2019/01/08,256,,,,
2019/01/09,257,,,,
2019/01/10,257,,,,
2019/01/11,257,,,,
2019/01/12,258,,,,
2019/01/13,258,,,,
2019/01/14,259,,,,
2019/01/15,259,,,,
2019/01/16,259,,,,
2019/01/17,259,,,,
2019/01/18,259,,,,
2019/01/19,259,,,,
2019/01/20,259,,,,
2019/01/21,259,,,,
2019/01/22,259,,,,
2019/01/23,258,,,,
2019/01/24,258,,,,
2019/01/25,257,,,,
2019/01/26,257,,,,
2019/01/27,256,,,,
2019/01/28,256,,,,
2019/01/29,255,,,,
2019/01/30,255,,,,
2019/01/31,253,,,,
2019/02/01,249,,,,
2019/02/02,245,,,,
2019/02/03,240,,,,
2019/02/04,235,,,,
2019/02/05,231,,,,
2019/02/06,226,,,,
2019/02/07,222,,,,
2019/02/08,218,,,,
2019/02/09,216,,,,
2019/02/10,213,,,,
2019/02/11,211,,,,
2019/02/12,209,,,,
2019/02/13,206,,,,
2019/02/14,204,,,,
2019/02/15,202,,,,
2019/02/16,202,,,,
2019/02/17,201,,,,
2019/02/18,201,,,,
2019/02/19,201,,,,
2019/02/20,200,,,,
2019/02/21,200,,,,
2019/02/22,200,,,,
2019/02/23,200,,,,
2019/02/24,200,,,,
2019/02/25,200,,,,
2019/02/26,200,,,,
2019/02/27,200,,,,
2019/02/28,200,,,,
2019/03/01,200,,,,
2019/03/02,200,,,,
2019/03/03,200,,,,
2019/03/04,200,,,,
2019/03/05,200,,,,
2019/03/06,200,,,,
2019/03/07,200,,,,
2019/03/08,200,,,,
2019/03/09,200,,,,
2019/03/10,200,,,,
2019/03/11,200,,,,
2019/03/12,200,,,,
2019/03/13,200,,,,
2019/03/14,200,,,,
2019/03/15,200,,,,
2019/03/16,200,,,,
2019/03/17,200,,,,
2019/03/18,200,,,,
2019/03/19,202,,,,
2019/03/20,203,,,,
2019/03/21,206,,,,
2019/03/22,209,,,,
2019/03/23,212,,,,
2019/03/24,218,,,,
2019/03/25,226,,,,
2019/03/26,238,,,,
2019/03/27,254,,,,
2019/03/28,276,,,,
2019/03/29,305,,,,
2019/03/30,342,,,,
2019/03/31,388,,,,
2019/04/01,444,,,,
2019/04/02,509,,,,
2019/04/03,582,,,,
2019/04/04,663,,,,
2019/04/05,749,,,,
2019/04/06,840,,,,
2019/04/07,933,,,,
2019/04/08,1030,,,,
2019/04/09,1120,,,,
2019/04/10,1220,,,,
2019/04/11,1310,,,,
2019/04/12,1380,,,,
2019/04/13,1420,,,,
2019/04/14,1420,,,,
2019/04/15,1380,,,,
2019/04/16,1320,,,,
2019/04/17,1250,,,,
2019/04/18,1170,,,,
2019/04/19,1100,,,,
2019/04/20,1060,,,,
2019/04/21,1090,,,,
2019/04/22,1080,,,,
2019/04/23,1050,,,,
2019/04/24,974,,,,
2019/04/25,917,,,,
2019/04/26,900,,,,
2019/04/27,900,,,,
2019/04/28,877,,,,
2019/04/29,846,,,,
2019/04/30,812,,,,
2019/05/01,792,,,,
2019/05/02,768,,,,
2019/05/03,735,,,,
2019/05/04,713,,,,
2019/05/05,698,,,,
2019/05/06,676,,,,
2019/05/07,656,,,,
2019/05/08,646,,,,
2019/05/09,639,,,,
2019/05/10,633,,,,
2019/05/11,638,,,,
2019/05/12,648,,,,
2019/05/13,652,,,,
2019/05/14,661,,,,
2019/05/15,717,,,,
2019/05/16,852,,,,
2019/05/17,978,,,,
2019/05/18,1030,,,,
2019/05/19,1040,,,,
2019/05/20,1040,,,,
2019/05/21,1030,,,,
2019/05/22,1040,,,,
2019/05/23,1030,,,,
2019/05/24,1000,,,,
2019/05/25,972,,,,
2019/05/26,939,,,,
2019/05/27,920,,,,
2019/05/28,911,,,,
2019/05/29,896,,,,
2019/05/30,870,,,,
2019/05/31,874,,,,
2019/06/01,928,,,,
2019/06/02,941,,,,
2019/06/03,925,,,,
2019/06/04,922,,,,
2019/06/05,951,,,,
2019/06/06,1030,,,,
2019/06/07,1090,,,,
2019/06/08,1130,,,,
2019/06/09,1160,,,,
2019/06/10,1210,,,,
2019/06/11,1200,,,,
2019/06/12,1110,,,,
2019/06/13,1020,,,,
2019/06/14,959,,,,
2019/06/15,932,,,,
2019/06/16,919,,,,
2019/06/17,894,,,,
2019/06/18,865,,,,
2019/06/19,848,,,,
2019/06/20,870,,,,
2019/06/21,989,,,,
2019/06/22,1080,,,,
2019/06/23,1050,,,,
2019/06/24,1010,,,,
2019/06/25,1040,,,,
2019/06/26,1460,,,,
2019/06/27,1890,,,,
2019/06/28,1980,,,,
2019/06/29,1930,,,,
2019/06/30,1900,,,,
2019/07/01,1930,,,,
2019/07/02,2030,,,,
2019/07/03,2330,,,,
2019/07/04,2730,,,,
2019/07/05,3050,,,,
2019/07/06,2960,,,,
2019/07/07,2690,,,,
2019/07/08,2450,,,,
2019/07/09,2210,,,,
2019/07/10,2020,,,,
2019/07/11,1890,,,,
2019/07/12,1900,,,,
2019/07/13,2300,,,,
2019/07/14,2640,,,,
2019/07/15,2720,,,,
2019/07/16,2610,,,,
2019/07/17,2410,,,,
2019/07/18,2220,,,,
2019/07/19,2010,,,,
2019/07/20,1840,,,,
2019/07/21,1710,,,,
2019/07/22,1610,,,,
2019/07/23,1540,,,,
2019/07/24,1530,,,,
2019/07/25,1700,,,,
2019/07/26,1850,,,,
2019/07/27,1790,,,,
2019/07/28,1700,,,,
2019/07/29,1850,,,,
2019/07/30,2260,,,,
2019/07/31,2410,,,,
2019/08/01,2190,,,,
2019/08/02,1980,,,,
2019/08/03,1810,,,,
2019/08/04,1720,,,,
2019/08/05,1690,,,,
2019/08/06,1740,,,,
2019/08/07,1860,,,,
2019/08/08,1910,,,,
2019/08/09,1840,,,,
2019/08/10,1730,,,,
2019/08/11,1620,,,,
2019/08/12,1530,,,,
2019/08/13,1490,,,,
2019/08/14,1510,,,,
2019/08/15,1520,,,,
2019/08/16,1520,,,,
2019/08/17,1500,,,,
2019/08/18,1550,,,,
2019/08/19,1670,,,,
2019/08/20,1740,,,,
2019/08/21,1710,,,,
2019/08/22,1650,,,,
2019/08/23,1610,,,,
2019/08/24,1610,,,,
2019/08/25,1590,,,,
2019/08/26,1580,,,,
2019/08/27,1560,,,,
2019/08/28,1520,,,,
2019/08/29,1480,,,,
2019/08/30,1460,,,,
2019/08/31,1420,,,,
2019/09/01,1370,,,,
2019/09/02,1320,,,,
2019/09/03,1270,,,,
2019/09/04,1230,,,,
2019/09/05,1210,,,,
2019/09/06,1190,,,,
2019/09/07,1180,,,,
2019/09/08,1170,,,,
2019/09/09,1170,,,,
2019/09/10,1180,,,,
2019/09/11,1180,,,,
2019/09/12,1150,,,,
2019/09/13,1130,,,,
2019/09/14,1140,,,,
2019/09/15,1430,,,,
2019/09/16,1660,,,,
2019/09/17,1610,,,,
2019/09/18,1500,,,,
2019/09/19,1410,,,,
2019/09/20,1330,,,,
2019/09/21,1270,,,,
2019/09/22,1230,,,,
2019/09/23,1220,,,,
2019/09/24,1200,,,,
2019/09/25,1170,,,,
2019/09/26,1130,,,,
2019/09/27,1090,,,,
2019/09/28,1060,,,,
2019/09/29,1020,,,,
2019/09/30,1000,,,,
2019/10/01,993,,,,
2019/10/02,985,,,,
2019/10/03,971,,,,
2019/10/04,952,,,,
2019/10/05,937,,,,
2019/10/06,920,,,,
2019/10/07,901,,,,
2019/10/08,883,,,,
2019/10/09,868,,,,
2019/10/10,853,,,,
2019/10/11,838,,,,
2019/10/12,819,,,,
2019/10/13,797,,,,
2019/10/14,782,,,,
2019/10/15,772,,,,
2019/10/16,764,,,,
2019/10/17,760,,,,
2019/10/18,749,,,,
2019/10/19,738,,,,
2019/10/20,739,,,,
2019/10/21,742,,,,
2019/10/22,744,,,,
2019/10/23,750,,,,
2019/10/24,753,,,,
2019/10/25,748,,,,
2019/10/26,745,,,,
2019/10/27,752,,,,
2019/10/28,735,,,,
2019/10/29,726,,,,
2019/10/30,723,,,,
2019/10/31,704,,,,
2019/11/01,657,,,,
2019/11/02,675,,,,
2019/11/03,674,,,,
2019/11/04,660,,,,
2019/11/05,646,,,,
2019/11/06,633,,,,
2019/11/07,620,,,,
2019/11/08,607,,,,
2019/11/09,596,,,,
2019/11/10,585,,,,
2019/11/11,576,,,,
2019/11/12,568,,,,
2019/11/13,562,,,,
2019/11/14,559,,,,
2019/11/15,560,,,,
2019/11/16,563,,,,
2019/11/17,566,,,,
2019/11/18,569,,,,
2019/11/19,569,,,,
2019/11/20,566,,,,
2019/11/21,560,,,,
2019/11/22,552,,,,
2019/11/23,542,,,,
2019/11/24,532,,,,
2019/11/25,522,,,,
2019/11/26,511,,,,
2019/11/27,501,,,,
2019/11/28,491,,,,
2019/11/29,481,,,,
2019/11/30,471,,,,
2019/12/01,462,,,,
2019/12/02,452,,,,
2019/12/03,443,,,,
2019/12/04,434,,,,
2019/12/05,425,,,,
2019/12/06,416,,,,
2019/12/07,408,,,,
2019/12/08,400,,,,
2019/12/09,392,,,,
2019/12/10,384,,,,
2019/12/11,376,,,,
2019/12/12,369,,,,
2019/12/13,362,,,,
2019/12/14,356,,,,
2019/12/15,352,,,,
2019/12/16,350,,,,
2019/12/17,352,,,,
2019/12/18,357,,,,
2019/12/19,364,,,,
2019/12/20,372,,,,
2019/12/21,381,,,,
2019/12/22,389,,,,
2019/12/23,396,,,,
2019/12/24,401,,,,
2019/12/25,405,,,,
2019/12/26,406,,,,
2019/12/27,406,,,,
2019/12/28,405,,,,
2019/12/29,403,,,,
2019/12/30,399,,,,
2019/12/31,390,,,,
2020/01/01,378,,,,
2020/01/02,365,,,,
2020/01/03,352,,,,
2020/01/04,338,,,,
2020/01/05,325,,,,
2020/01/06,312,,,,
2020/01/07,300,,,,
2020/01/08,290,,,,
2020/01/09,282,,,,
2020/01/10,279,,,,
2020/01/11,279,,,,
2020/01/12,278,,,,
2020/01/13,277,,,,
2020/01/14,275,,,,
2020/01/15,273,,,,
2020/01/16,270,,,,
2020/01/17,266,,,,
2020/01/18,262,,,,
2020/01/19,259,,,,
2020/01/20,255,,,,
2020/01/21,251,,,,
2020/01/22,248,,,,
2020/01/23,244,,,,
2020/01/24,241,,,,
2020/01/25,238,,,,
2020/01/26,236,,,,
2020/01/27,235,,,,
2020/01/28,234,,,,
2020/01/29,235,,,,
2020/01/30,237,,,,
2020/01/31,238,,,,
2020/02/01,239,,,,
2020/02/02,241,,,,
2020/02/03,242,,,,
2020/02/04,244,,,,
2020/02/05,245,,,,
2020/02/06,246,,,,
2020/02/07,248,,,,
2020/02/08,249,,,,
2020/02/09,250,,,,
2020/02/10,249,,,,
2020/02/11,249,,,,
2020/02/12,249,,,,
2020/02/13,248,,,,
2020/02/14,246,,,,
2020/02/15,243,,,,
2020/02/16,241,,,,
2020/02/17,239,,,,
2020/02/18,236,,,,
2020/02/19,233,,,,
2020/02/20,232,,,,
2020/02/21,229,,,,
2020/02/22,227,,,,
2020/02/23,227,,,,
2020/02/24,226,,,,
2020/02/25,226,,,,
2020/02/26,226,,,,
2020/02/27,227,,,,
2020/02/28,228,,,,
2020/02/29,228,,,,
2020/03/01,228,,,,
2020/03/02,230,,,,
2020/03/03,231,,,,
2020/03/04,232,,,,
2020/03/05,233,,,,
2020/03/06,234,,,,
2020/03/07,235,,,,
2020/03/08,237,,,,
2020/03/09,238,,,,
2020/03/10,239,,,,
2020/03/11,240,,,,
2020/03/12,241,,,,
2020/03/13,242,,,,
2020/03/14,243,,,,
2020/03/15,244,,,,
2020/03/16,244,,,,
2020/03/17,244,,,,
2020/03/18,244,,,,
2020/03/19,244,,,,
2020/03/20,244,,,,
2020/03/21,243,,,,
2020/03/22,243,,,,
2020/03/23,243,,,,
2020/03/24,242,,,,
2020/03/25,242,,,,
2020/03/26,242,,,,
2020/03/27,241,,,,
2020/03/28,240,,,,
2020/03/29,239,,,,
2020/03/30,238,,,,
2020/03/31,237,,,,
2020/04/01,236,,,,
2020/04/02,235,,,,
2020/04/03,233,,,,
2020/04/04,232,,,,
2020/04/05,231,,,,
2020/04/06,231,,,,
2020/04/07,231,,,,
2020/04/08,232,,,,
2020/04/09,232,,,,
2020/04/10,234,,,,
2020/04/11,236,,,,
2020/04/12,237,,,,
2020/04/13,236,,,,
2020/04/14,235,,,,
2020/04/15,239,,,,
2020/04/16,246,,,,
2020/04/17,249,,,,
2020/04/18,252,,,,
2020/04/19,263,,,,
2020/04/20,284,,,,
2020/04/21,321,,,,
2020/04/22,372,,,,
2020/04/23,428,,,,
2020/04/24,496,,,,
2020/04/25,670,,,,
2020/04/26,979,,,,
2020/04/27,1440,,,,
2020/04/28,1690,,,,
2020/04/29,1860,,,,
2020/04/30,2140,,,,
2020/05/05,3080,,,,
2020/05/06,2690,,,,
2020/05/07,2370,,,,
2020/05/08,2160,,,,
2020/05/09,2120,,,,
2020/05/10,2210,,,,
2020/05/11,2250,,,,
2020/05/12,2170,,,,
2020/05/13,2040,,,,
2020/05/14,1920,,,,
2020/05/15,1820,,,,
2020/05/16,1720,,,,
2020/05/17,1600,,,,
2020/05/18,1510,,,,
2020/05/19,1440,,,,
2020/05/20,1380,,,,
2020/05/21,1320,,,,
2020/05/22,1290,,,,
2020/05/23,1290,,,,
2020/05/24,1470,,,,
2020/05/25,1670,,,,
2020/05/26,1900,,,,
2020/05/27,2640,,,,
2020/05/28,3080,,,,
2020/05/29,3290,,,,
2020/05/30,3150,,,,
2020/05/31,2840,,,,
2020/06/01,2610,,,,
2020/06/02,2470,,,,
2020/06/03,2340,,,,
2020/06/04,2210,,,,
2020/06/05,2110,,,,
2020/06/06,2170,,,,
2020/06/07,2410,,,,
2020/06/08,2600,,,,
2020/06/09,2870,,,,
2020/06/10,3270,,,,
2020/06/11,3550,,,,
2020/06/12,3690,,,,
2020/06/13,3720,,,,
2020/06/14,3690,,,,
2020/06/15,3580,,,,
2020/06/16,3420,,,,
2020/06/17,3240,,,,
2020/06/18,3070,,,,
2020/06/19,3060,,,,
2020/06/20,3180,,,,
2020/06/21,3280,,,,
2020/06/22,3140,,,,
2020/06/23,2880,,,,
2020/06/24,2590,,,,
2020/06/25,2360,,,,
2020/06/26,2230,,,,
2020/06/27,2180,,,,
2020/06/28,2130,,,,
2020/06/29,2110,,,,
2020/06/30,2160,,,,
2020/07/01,2270,,,,
2020/07/02,2290,,,,
2020/07/03,2320,,,,
2020/07/04,2390,,,,
2020/07/05,2420,,,,
2020/07/06,2600,,,,
2020/07/07,3010,,,,
2020/07/08,3490,,,,
2020/07/09,4210,,,,
2020/07/10,4330,,,,
2020/07/11,3580,,,,
2020/07/12,3140,,,,
2020/07/13,2960,,,,
2020/07/14,2860,,,,
2020/07/15,2790,,,,
2020/07/16,2790,,,,
2020/07/17,2730,,,,
2020/07/18,2640,,,,
2020/07/19,2640,,,,
2020/07/20,2710,,,,
2020/07/21,2710,,,,
2020/07/22,2650,,,,
2020/07/23,2620,,,,
2020/07/24,2640,,,,
2020/07/25,2650,,,,
2020/07/26,2610,,,,
2020/07/27,2570,,,,
2020/07/28,2480,,,,
2020/07/29,2410,,,,
2020/07/30,2360,,,,
2020/07/31,2310,,,,
2020/08/01,2210,,,,
2020/08/02,2060,,,,
2020/08/03,1930,,,,
2020/08/04,1860,,,,
2020/08/05,1830,,,,
2020/08/06,1770,,,,
2020/08/07,1690,,,,
2020/08/08,1630,,,,
2020/08/09,1580,,,,
2020/08/10,1570,,,,
2020/08/11,1500,,,,
2020/08/12,1460,,,,
2020/08/13,1420,,,,
2020/08/14,1400,,,,
2020/08/15,1390,,,,
2020/08/16,1360,,,,
2020/08/17,1310,,,,
2020/08/18,1270,,,,
2020/08/19,1230,,,,
2020/08/20,1190,,,,
2020/08/21,1170,,,,
2020/08/22,1140,,,,
2020/08/23,1130,,,,
2020/08/24,1200,,,,
2020/08/25,1360,,,,
2020/08/26,1460,,,,
2020/08/27,1500,,,,
2020/08/28,1520,,,,
2020/08/29,1520,,,,
2020/08/30,1520,,,,
2020/08/31,1560,,,,
2020/09/01,1570,,,,
2020/09/02,1550,,,,
2020/09/03,1530,,,,
2020/09/04,1500,,,,
2020/09/05,1460,,,,
2020/09/06,1430,,,,
2020/09/07,1400,,,,
2020/09/08,1370,,,,
2020/09/09,1320,,,,
2020/09/10,1290,,,,
2020/09/11,1270,,,,
2020/09/12,1260,,,,
2020/09/13,1260,,,,
2020/09/14,1270,,,,
2020/09/15,1280,,,,
2020/09/16,1270,,,,
2020/09/17,1230,,,,
2020/09/18,1180,,,,
2020/09/19,1140,,,,
2020/09/20,1110,,,,
2020/09/21,1090,,,,
2020/09/22,1070,,,,
2020/09/23,1050,,,,
2020/09/24,1020,,,,
2020/09/25,1010,,,,
2020/09/26,1010,,,,
2020/09/27,1020,,,,
2020/09/28,1030,,,,
2020/09/29,1020,,,,
2020/09/30,1000,,,,
2020/10/01,983,,,,
2020/10/02,960,,,,
2020/10/03,947,,,,
2020/10/04,941,,,,
2020/10/05,920,,,,
2020/10/06,895,,,,
2020/10/07,868,,,,
2020/10/08,852,,,,
2020/10/09,861,,,,
2020/10/10,879,,,,
2020/10/11,907,,,,
2020/10/12,955,,,,
2020/10/13,1070,,,,
2020/10/14,1160,,,,
2020/10/15,1170,,,,
2020/10/16,1140,,,,
2020/10/17,1100,,,,
2020/10/18,1050,,,,
2020/10/19,1020,,,,
2020/10/20,979,,,,
2020/10/21,943,,,,
2020/10/22,907,,,,
2020/10/23,870,,,,
2020/10/24,834,,,,
2020/10/25,798,,,,
2020/10/26,761,,,,
2020/10/27,725,,,,
2020/10/28,691,,,,
2020/10/29,682,,,,
2020/10/30,682,,,,
2020/10/31,681,,,,
2020/11/01,681,,,,
2020/11/02,680,,,,
2020/11/03,680,,,,
2020/11/04,679,,,,
2020/11/05,679,,,,
2020/11/06,678,,,,
2020/11/07,678,,,,
2020/11/08,677,,,,
2020/11/09,677,,,,
2020/11/10,668,,,,
2020/11/11,656,,,,
2020/11/12,644,,,,
2020/11/13,632,,,,
2020/11/14,620,,,,
2020/11/15,608,,,,
2020/11/16,596,,,,
2020/11/17,584,,,,
2020/11/18,572,,,,
2020/11/19,560,,,,
2020/11/20,548,,,,
2020/11/21,536,,,,
2020/11/22,524,,,,
2020/11/23,512,,,,
2020/11/24,499,,,,
2020/11/25,487,,,,
2020/11/26,475,,,,
2020/11/27,464,,,,
2020/11/28,459,,,,
2020/11/29,458,,,,
2020/11/30,456,,,,
2020/12/01,454,,,,
2020/12/02,452,,,,
2020/12/03,450,,,,
2020/12/04,448,,,,
2020/12/05,446,,,,
2020/12/06,445,,,,
2020/12/07,443,,,,
2020/12/08,441,,,,
2020/12/09,439,,,,
2020/12/10,437,,,,
2020/12/11,435,,,,
2020/12/12,433,,,,
2020/12/13,428,,,,
2020/12/14,422,,,,
2020/12/15,417,,,,
2020/12/16,412,,,,
2020/12/17,406,,,,
2020/12/18,401,,,,
2020/12/19,395,,,,
2020/12/20,390,,,,
2020/12/21,385,,,,
2020/12/22,379,,,,
2020/12/23,374,,,,
2020/12/24,372,,,,
2020/12/25,370,,,,
2020/12/26,368,,,,
2020/12/27,367,,,,
2020/12/28,365,,,,
2020/12/29,363,,,,
2020/12/30,362,,,,
2020/12/31,360,,,,
2021/01/01,358,,,,
2021/01/02,357,,,,
2021/01/03,355,,,,
2021/01/04,354,,,,
2021/01/05,352,,,,
2021/01/06,350,,,,
2021/01/07,349,,,,
2021/01/08,347,,,,
2021/01/09,345,,,,
2021/01/10,344,,,,
2021/01/11,342,,,,
2021/01/12,340,,,,
2021/01/13,339,,,,
2021/01/14,337,,,,
2021/01/15,335,,,,
2021/01/16,334,,,,
2021/01/17,332,,,,
2021/01/18,330,,,,
2021/01/19,329,,,,
2021/01/20,327,,,,
2021/01/21,325,,,,
2021/01/22,323,,,,
2021/01/23,321,,,,
2021/01/24,319,,,,
2021/01/25,317,,,,
2021/01/26,315,,,,
2021/01/27,313,,,,
2021/01/28,311,,,,
2021/01/29,309,,,,
2021/01/30,307,,,,
2021/01/31,305,,,,
2021/02/01,303,,,,
2021/02/02,301,,,,
2021/02/03,299,,,,
2021/02/04,297,,,,
2021/02/05,295,,,,
2021/02/06,293,,,,
2021/02/07,291,,,,
2021/02/08,289,,,,
2021/02/09,287,,,,
2021/02/10,286,,,,
2021/02/11,285,,,,
2021/02/12,283,,,,
2021/02/13,282,,,,
2021/02/14,281,,,,
2021/02/15,279,,,,
2021/02/16,278,,,,
2021/02/17,277,,,,
2021/02/18,275,,,,
2021/02/19,274,,,,
2021/02/20,273,,,,
2021/02/21,271,,,,
2021/02/22,270,,,,
2021/02/23,269,,,,
2021/02/24,268,,,,
2021/02/25,267,,,,
2021/02/26,267,,,,
2021/02/27,266,,,,
2021/02/28,266,,,,
2021/03/01,265,,,,
2021/03/02,265,,,,
2021/03/03,265,,,,
2021/03/04,265,,,,
2021/03/05,265,,,,
2021/03/06,265,,,,
2021/03/07,265,,,,
2021/03/08,265,,,,
2021/03/09,266,,,,
2021/03/10,266,,,,
2021/03/11,266,,,,
2021/03/12,266,,,,
2021/03/13,269,,,,
2021/03/14,273,,,,
2021/03/15,276,,,,
2021/03/16,279,,,,
2021/03/17,282,,,,
2021/03/18,285,,,,
2021/03/19,289,,,,
2021/03/20,292,,,,
2021/03/21,295,,,,
2021/03/22,298,,,,
2021/03/23,301,,,,
2021/03/24,305,,,,
2021/03/25,308,,,,
2021/03/26,311,,,,
2021/03/27,314,,,,
2021/03/28,317,,,,
2021/03/29,321,,,,
2021/03/30,324,,,,
2021/03/31,327,,,,
2021/04/01,330,,,,
2021/04/02,333,,,,
2021/04/03,337,,,,
2021/04/04,344,,,,
2021/04/05,354,,,,
2021/04/06,365,,,,
2021/04/07,375,,,,
2021/04/08,386,,,,
2021/04/09,396,,,,
2021/04/10,407,,,,
2021/04/11,417,,,,
2021/04/12,428,,,,
2021/04/13,438,,,,
2021/04/14,449,,,,
2021/04/15,459,,,,
2021/04/16,470,,,,
2021/04/17,488,,,,
2021/04/18,543,,,,
2021/04/19,604,,,,
2021/04/20,665,,,,
2021/04/21,726,,,,
2021/04/22,787,,,,
2021/04/23,848,,,,
2021/04/24,893,,,,
2021/04/25,895,,,,
2021/04/26,893,,,,
2021/04/27,886,,,,
2021/04/28,875,,,,
2021/04/29,865,,,,
2021/04/30,854,,,,
2021/05/01,844,,,,
2021/05/02,834,,,,
2021/05/03,830,,,,
2021/05/04,843,,,,
2021/05/05,855,,,,
2021/05/06,868,,,,
2021/05/07,877,,,,
2021/05/08,855,,,,
2021/05/09,818,,,,
2021/05/10,821,,,,
2021/05/11,832,,,,
2021/05/12,839,,,,
2021/05/13,837,,,,
2021/05/14,840,,,,
2021/05/15,865,,,,
2021/05/16,917,,,,
2021/05/17,959,,,,
2021/05/18,955,,,,
2021/05/19,944,,,,
2021/05/20,948,,,,
2021/05/21,957,,,,
2021/05/22,993,,,,
2021/05/23,1040,,,,
2021/05/24,1130,,,,
2021/05/25,1430,,,,
2021/05/26,1490,,,,
2021/05/27,1390,,,,
2021/05/28,1290,,,,
2021/05/29,1220,,,,
2021/05/30,1230,,,,
2021/05/31,1370,,,,
2021/06/01,1670,,,,
2021/06/02,1900,,,,
2021/06/03,1910,,,,
2021/06/04,1850,,,,
2021/06/05,1720,,,,
2021/06/06,1570,,,,
2021/06/07,1470,,,,
2021/06/08,1480,,,,
2021/06/09,1620,,,,
2021/06/10,1720,,,,
2021/06/11,1760,,,,
2021/06/12,1780,,,,
2021/06/13,1850,,,,
2021/06/14,1870,,,,
2021/06/15,1820,,,,
2021/06/16,1780,,,,
2021/06/17,1700,,,,
2021/06/18,1620,,,,
2021/06/19,1560,,,,
2021/06/20,1530,,,,
2021/06/21,1520,,,,
2021/06/22,1570,,,,
2021/06/23,1640,,,,
2021/06/24,1590,,,,
2021/06/25,1490,,,,
2021/06/26,1400,,,,
2021/06/27,1350,,,,
2021/06/28,1340,,,,
2021/06/29,1330,,,,
2021/06/30,1350,,,,
2021/07/01,1360,,,,
2021/07/02,1320,,,,
2021/07/03,1300,,,,
2021/07/04,1310,,,,
2021/07/05,1320,,,,
2021/07/06,1350,,,,
2021/07/07,1370,,,,
2021/07/08,1350,,,,
2021/07/09,1320,,,,
2021/07/10,1290,,,,
2021/07/11,1200,,,,
2021/07/12,1110,,,,
2021/07/13,1040,,,,
2021/07/14,991,,,,
2021/07/15,951,,,,
2021/07/16,916,,,,
2021/07/17,889,,,,
2021/07/18,874,,,,
2021/07/19,863,,,,
2021/07/20,834,,,,
2021/07/21,804,,,,
2021/07/22,780,,,,
2021/07/23,770,,,,
2021/07/24,767,,,,
2021/07/25,775,,,,
2021/07/26,777,,,,
2021/07/27,769,,,,
2021/07/28,761,,,,
2021/07/29,747,,,,
2021/07/30,722,,,,
2021/07/31,689,,,,
2021/08/01,654,,,,
2021/08/02,631,,,,
2021/08/03,617,,,,
2021/08/04,608,,,,
2021/08/05,607,,,,
2021/08/06,604,,,,
2021/08/07,609,,,,
2021/08/08,604,,,,
2021/08/09,604,,,,
2021/08/10,614,,,,
2021/08/11,617,,,,
2021/08/12,622,,,,
2021/08/13,621,,,,
2021/08/14,614,,,,
2021/08/15,609,,,,
2021/08/16,605,,,,
2021/08/17,582,,,,
2021/08/18,550,,,,
2021/08/19,536,,,,
2021/08/20,541,,,,
2021/08/21,546,,,,
2021/08/22,534,,,,
2021/08/23,526,,,,
2021/08/24,531,,,,
2021/08/25,551,,,,
2021/08/26,551,,,,
2021/08/27,523,,,,
2021/08/28,494,,,,
2021/08/29,486,,,,
2021/08/30,490,,,,
2021/08/31,500,,,,
2021/09/01,534,,,,
2021/09/02,560,,,,
2021/09/03,560,,,,
2021/09/04,535,,,,
2021/09/05,510,,,,
2021/09/06,499,,,,
2021/09/07,494,,,,
2021/09/08,535,,,,
2021/09/09,747,,,,
2021/09/10,816,,,,
2021/09/11,753,,,,
2021/09/12,696,,,,
2021/09/13,655,,,,
2021/09/14,650,,,,
2021/09/15,649,,,,
2021/09/16,626,,,,
2021/09/17,604,,,,
2021/09/18,603,,,,
2021/09/19,603,,,,
2021/09/20,594,,,,
2021/09/21,587,,,,
2021/09/22,581,,,,
2021/09/23,558,,,,
2021/09/24,538,,,,
2021/09/25,530,,,,
2021/09/26,514,,,,
2021/09/27,500,,,,
2021/09/28,509,,,,
2021/09/29,518,,,,
2021/09/30,501,,,,
2021/10/01,481,,,,
2021/10/02,480,,,,
2021/10/03,482,,,,
2021/10/04,471,,,,
2021/10/05,463,,,,
2021/10/06,466,,,,
2021/10/07,483,,,,
2021/10/08,488,,,,
2021/10/09,469,,,,
2021/10/10,455,,,,
2021/10/11,451,,,,
2021/10/12,442,,,,
2021/10/13,432,,,,
2021/10/14,424,,,,
2021/10/15,418,,,,
2021/10/16,420,,,,
2021/10/17,418,,,,
2021/10/18,408,,,,
2021/10/19,399,,,,
2021/10/20,392,,,,
2021/10/21,388,,,,
2021/10/22,380,,,,
2021/10/23,371,,,,
2021/10/24,366,,,,
2021/10/25,363,,,,
2021/10/26,363,,,,
2021/10/27,360,,,,
2021/10/28,370,,,,
2021/10/29,380,,,,
2021/10/30,381,,,,
2021/10/31,379,,,,
2021/11/01,371,,,,
2021/11/02,360,,,,
2021/11/03,346,,,,
2021/11/04,333,,,,
2021/11/05,330,,,,
2021/11/06,327,,,,
2021/11/07,324,,,,
2021/11/08,320,,,,
2021/11/09,317,,,,
2021/11/10,313,,,,
2021/11/11,308,,,,
2021/11/12,304,,,,
2021/11/13,299,,,,
2021/11/14,295,,,,
2021/11/15,293,,,,
2021/11/16,291,,,,
2021/11/17,288,,,,
2021/11/18,286,,,,
2021/11/19,284,,,,
2021/11/20,282,,,,
2021/11/21,281,,,,
2021/11/22,279,,,,
2021/11/23,277,,,,
2021/11/24,278,,,,
2021/11/25,279,,,,
2021/11/26,282,,,,
2021/11/27,285,,,,
2021/11/28,289,,,,
2021/11/29,290,,,,
2021/11/30,290,,,,
2021/12/01,289,,,,
2021/12/02,287,,,,
2021/12/03,281,,,,
2021/12/04,275,,,,
2021/12/05,270,,,,
2021/12/06,268,,,,
2021/12/07,266,,,,
2021/12/08,264,,,,
2021/12/09,262,,,,
2021/12/10,260,,,,
2021/12/11,258,,,,
2021/12/12,256,,,,
2021/12/13,254,,,,
2021/12/14,253,,,,
2021/12/15,251,,,,
2021/12/16,249,,,,
2021/12/17,247,,,,
2021/12/18,245,,,,
2021/12/19,243,,,,
2021/12/20,241,,,,
2021/12/21,239,,,,
2021/12/22,237,,,,
2021/12/23,235,,,,
2021/12/24,234,,,,
2021/12/25,232,,,,
2021/12/26,230,,,,
2021/12/27,228,,,,
2021/12/28,226,,,,
2021/12/29,224,,,,
2021/12/30,222,,,,
2021/12/31,220,,,,
2022/01/01,218,,,,
2022/01/02,216,,,,
2022/01/03,215,,,,
2022/01/04,213,,,,
2022/01/05,211,,,,
2022/01/06,209,,,,
2022/01/07,207,,,,
2022/01/08,205,,,,
2022/01/09,203,,,,
2022/01/10,201,,,,
2022/01/11,199,,,,
2022/01/12,198,,,,
2022/01/13,196,,,,
2022/01/14,194,,,,
2022/01/15,194,,,,
2022/01/16,194,,,,
2022/01/17,193,,,,
2022/01/18,193,,,,
2022/01/19,193,,,,
2022/01/20,192,,,,
2022/01/21,192,,,,
2022/01/22,191,,,,
2022/01/23,191,,,,
2022/01/24,191,,,,
2022/01/25,190,,,,
2022/01/26,190,,,,
2022/01/27,190,,,,
2022/01/28,189,,,,
2022/01/29,189,,,,
2022/01/30,188,,,,
2022/01/31,188,,,,
2022/02/01,188,,,,
2022/02/02,187,,,,
2022/02/03,187,,,,
2022/02/04,187,,,,
2022/02/05,186,,,,
2022/02/06,186,,,,
2022/02/07,185,,,,
2022/02/08,185,,,,
2022/02/09,185,,,,
2022/02/10,184,,,,
2022/02/11,184,,,,
2022/02/12,184,,,,
2022/02/13,183,,,,
2022/02/14,183,,,,
2022/02/15,182,,,,
2022/02/16,182,,,,
2022/02/17,182,,,,
2022/02/18,181,,,,
2022/02/19,181,,,,
2022/02/20,181,,,,
2022/02/21,180,,,,
2022/02/22,180,,,,
2022/02/23,179,,,,
2022/02/24,179,,,,
2022/02/25,179,,,,
2022/02/26,179,,,,
2022/02/27,180,,,,
2022/02/28,180,,,,
2022/03/01,180,,,,
2022/03/02,180,,,,
2022/03/03,181,,,,
2022/03/04,181,,,,
2022/03/05,181,,,,
2022/03/06,181,,,,
2022/03/07,181,,,,
2022/03/08,182,,,,
2022/03/09,182,,,,
2022/03/10,183,,,,
2022/03/11,187,,,,
2022/03/12,190,,,,
2022/03/13,193,,,,
2022/03/14,197,,,,
2022/03/15,200,,,,
2022/03/16,203,,,,
2022/03/17,207,,,,
2022/03/18,210,,,,
2022/03/19,213,,,,
2022/03/20,217,,,,
2022/03/21,220,,,,
2022/03/22,223,,,,
2022/03/23,227,,,,
2022/03/24,230,,,,
2022/03/25,234,,,,
2022/03/26,242,,,,
2022/03/27,250,,,,
2022/03/28,258,,,,
2022/03/29,266,,,,
2022/03/30,274,,,,
2022/03/31,282,,,,
2022/04/01,291,,,,
2022/04/02,299,,,,
2022/04/03,307,,,,
2022/04/04,315,,,,
2022/04/05,323,,,,
2022/04/06,340,,,,
2022/04/07,363,,,,
2022/04/08,386,,,,
2022/04/09,409,,,,
2022/04/10,432,,,,
2022/04/11,455,,,,
2022/04/12,478,,,,
2022/04/13,501,,,,
2022/04/14,524,,,,
2022/04/15,540,,,,
2022/04/16,552,,,,
2022/04/17,565,,,,
2022/04/18,577,,,,
2022/04/19,590,,,,
2022/04/20,602,,,,
2022/04/21,615,,,,
2022/04/22,628,,,,
2022/04/23,677,,,,
2022/04/24,743,,,,
2022/04/25,810,,,,
2022/04/26,876,,,,
2022/04/27,943,,,,
2022/04/28,1010,,,,
2022/04/29,1080,,,,
2022/04/30,1140,,,,
2022/05/01,1210,,,,
2022/05/02,1280,,,,
2022/05/03,1330,,,,
2022/05/04,1380,,,,
2022/05/05,1420,,,,
2022/05/06,1490,,,,
2022/05/07,1600,,,,
2022/05/08,1670,,,,
2022/05/09,1740,,,,
2022/05/10,1810,,,,
2022/05/11,1870,,,,
2022/05/12,1920,,,,
2022/05/13,1870,,,,
2022/05/14,1800,,,,
2022/05/15,1730,,,,
2022/05/16,1650,,,,
2022/05/17,1580,,,,
2022/05/18,1520,,,,
2022/05/19,1480,,,,
2022/05/20,1450,,,,
2022/05/21,1430,,,,
2022/05/22,1390,,,,
2022/05/23,1360,,,,
2022/05/24,1330,,,,
2022/05/25,1290,,,,
2022/05/26,1260,,,,
2022/05/27,1240,,,,
2022/05/28,1230,,,,
2022/05/29,1210,,,,
2022/05/30,1190,,,,
2022/05/31,1190,,,,
2022/06/01,1190,,,,
2022/06/02,1170,,,,
2022/06/03,1140,,,,
2022/06/04,1110,,,,
2022/06/05,1060,,,,
2022/06/06,1010,,,,
2022/06/07,974,,,,
2022/06/08,937,,,,
2022/06/09,908,,,,
2022/06/10,901,,,,
2022/06/11,919,,,,
2022/06/12,981,,,,
2022/06/13,1050,,,,
2022/06/14,1150,,,,
2022/06/15,1230,,,,
2022/06/16,1250,,,,
2022/06/17,1240,,,,
2022/06/18,1260,,,,
2022/06/19,1280,,,,
2022/06/20,1280,,,,
2022/06/21,1310,,,,
2022/06/22,1490,,,,
2022/06/23,1650,,,,
2022/06/24,1740,,,,
2022/06/25,1740,,,,
2022/06/26,1680,,,,
2022/06/27,1620,,,,
2022/06/28,1610,,,,
2022/06/29,1750,,,,
2022/06/30,1980,,,,
2022/07/01,1950,,,,
2022/07/02,1780,,,,
2022/07/03,1700,,,,
2022/07/04,2000,,,,
2022/07/05,2490,,,,
2022/07/06,2560,,,,
2022/07/07,2370,,,,
2022/07/08,2240,,,,
2022/07/09,2140,,,,
2022/07/10,2070,,,,
2022/07/11,2100,,,,
2022/07/12,2140,,,,
2022/07/13,2060,,,,
2022/07/14,1970,,,,
2022/07/15,1850,,,,
2022/07/16,1720,,,,
2022/07/17,1600,,,,
2022/07/18,1490,,,,
2022/07/19,1440,,,,
2022/07/20,1440,,,,
2022/07/21,1380,,,,
2022/07/22,1310,,,,
2022/07/23,1240,,,,
2022/07/24,1230,,,,
2022/07/25,1190,,,,
2022/07/26,1140,,,,
2022/07/27,1110,,,,
2022/07/28,1080,,,,
2022/07/29,1040,,,,
2022/07/30,1010,,,,
2022/07/31,985,,,,
2022/08/01,956,,,,
2022/08/02,930,,,,
2022/08/03,914,,,,
2022/08/04,911,,,,
2022/08/05,908,,,,
2022/08/06,924,,,,
2022/08/07,973,,,,
2022/08/08,1010,,,,
2022/08/09,1060,,,,
2022/08/10,1110,,,,
2022/08/11,1130,,,,
2022/08/12,1160,,,,
2022/08/13,1120,,,,
2022/08/14,1040,,,,
2022/08/15,973,,,,
2022/08/16,940,,,,
2022/08/17,919,,,,
2022/08/18,893,,,,
2022/08/19,874,,,,
2022/08/20,860,,,,
2022/08/21,836,,,,
2022/08/22,810,,,,
2022/08/23,777,,,,
2022/08/24,745,,,,
2022/08/25,728,,,,
2022/08/26,716,,,,
2022/08/27,701,,,,
2022/08/28,708,,,,
2022/08/29,717,,,,
2022/08/30,728,,,,
2022/08/31,736,,,,
2022/09/01,736,,,,
2022/09/02,711,,,,
2022/09/03,692,,,,
2022/09/04,684,,,,
2022/09/05,693,,,,
2022/09/06,680,,,,
2022/09/07,642,,,,
2022/09/08,619,,,,
2022/09/09,616,,,,
2022/09/10,621,,,,
2022/09/11,613,,,,
2022/09/12,596,,,,
2022/09/13,584,,,,
2022/09/14,576,,,,
2022/09/15,556,,,,
2022/09/16,531,,,,
2022/09/17,517,,,,
2022/09/18,503,,,,
2022/09/19,486,,,,
2022/09/20,476,,,,
2022/09/21,478,,,,
2022/09/22,475,,,,
2022/09/23,475,,,,
2022/09/24,477,,,,
2022/09/25,489,,,,
2022/09/26,504,,,,
2022/09/27,504,,,,
2022/09/28,492,,,,
2022/09/29,478,,,,
2022/09/30,469,,,,
2022/10/01,457,,,,
2022/10/02,444,,,,
2022/10/03,433,,,,
2022/10/04,425,,,,
2022/10/05,418,,,,
2022/10/06,413,,,,
2022/10/07,409,,,,
2022/10/08,406,,,,
2022/10/09,404,,,,
2022/10/10,400,,,,
2022/10/11,394,,,,
2022/10/12,390,,,,
2022/10/13,386,,,,
2022/10/14,380,,,,
2022/10/15,380,,,,
2022/10/16,382,,,,
2022/10/17,381,,,,
2022/10/18,376,,,,
2022/10/19,370,,,,
2022/10/20,363,,,,
2022/10/21,356,,,,
2022/10/22,351,,,,
2022/10/23,344,,,,
2022/10/24,339,,,,
2022/10/25,335,,,,
2022/10/26,335,,,,
2022/10/27,334,,,,
2022/10/28,332,,,,
2022/10/29,326,,,,
2022/10/30,323,,,,
2022/10/31,319,,,,
2022/11/01,319,,,,
2022/11/02,319,,,,
2022/11/03,316,,,,
2022/11/04,317,,,,
2022/11/05,318,,,,
2022/11/06,316,,,,
2022/11/07,315,,,,
2022/11/08,313,,,,
2022/11/09,312,,,,
2022/11/10,314,,,,
2022/11/11,317,,,,
2022/11/12,314,,,,
2022/11/13,307,,,,
2022/11/14,300,,,,
2022/11/15,293,,,,
2022/11/16,286,,,,
2022/11/17,280,,,,
2022/11/18,273,,,,
2022/11/19,266,,,,
2022/11/20,259,,,,
2022/11/21,252,,,,
2022/11/22,253,,,,
2022/11/23,258,,,,
2022/11/24,260,,,,
2022/11/25,255,,,,
2022/11/26,250,,,,
2022/11/27,252,,,,
2022/11/28,255,,,,
2022/11/29,258,,,,
2022/11/30,260,,,,
2022/12/01,255,,,,
2022/12/02,247,,,,
2022/12/03,239,,,,
2022/12/04,231,,,,
2022/12/05,223,,,,
2022/12/06,215,,,,
2022/12/07,207,,,,
2022/12/08,199,,,,
2022/12/09,192,,,,
2022/12/10,184,,,,
2022/12/11,176,,,,
2022/12/12,168,,,,
2022/12/13,160,,,,
2022/12/14,152,,,,
2022/12/15,144,,,,
2022/12/16,139,,,,
2022/12/17,140,,,,
2022/12/18,142,,,,
2022/12/19,148,,,,
2022/12/20,154,,,,
2022/12/21,158,,,,
2022/12/22,161,,,,
2022/12/23,164,,,,
2022/12/24,167,,,,
2022/12/25,170,,,,
2022/12/26,173,,,,
2022/12/27,176,,,,
2022/12/28,179,,,,
2022/12/29,178,,,,
2022/12/30,176,,,,
2022/12/31,174,,,,
2023/01/01,173,,,,
2023/01/02,172,,,,
2023/01/03,171,,,,
2023/01/04,171,,,,
2023/01/05,170,,,,
2023/01/06,169,,,,
2023/01/07,169,,,,
2023/01/08,169,,,,
2023/01/09,170,,,,
2023/01/10,171,,,,
2023/01/11,172,,,,
2023/01/12,173,,,,
2023/01/13,174,,,,
2023/01/14,174,,,,
2023/01/15,175,,,,
2023/01/16,176,,,,
2023/01/17,177,,,,
2023/01/18,177,,,,
2023/01/19,177,,,,
2023/01/20,177,,,,
2023/01/21,177,,,,
2023/01/22,177,,,,
2023/01/23,176,,,,
2023/01/24,176,,,,
2023/01/25,175,,,,
2023/01/26,175,,,,
2023/01/27,175,,,,
2023/01/28,174,,,,
2023/01/29,174,,,,
2023/01/30,173,,,,
2023/01/31,173,,,,
2023/02/01,173,,,,
2023/02/02,172,,,,
2023/02/03,172,,,,
2023/02/04,171,,,,
2023/02/05,171,,,,
2023/02/06,170,,,,
2023/02/07,170,,,,
2023/02/08,170,,,,
2023/02/09,169,,,,
2023/02/10,169,,,,
2023/02/11,168,,,,
2023/02/12,168,,,,
2023/02/13,167,,,,
2023/02/14,167,,,,
2023/02/15,166,,,,
2023/02/16,166,,,,
2023/02/17,165,,,,
2023/02/18,165,,,,
2023/02/19,164,,,,
2023/02/20,163,,,,
2023/02/21,163,,,,
2023/02/22,162,,,,
2023/02/23,161,,,,
2023/02/24,161,,,,
2023/02/25,160,,,,
2023/02/26,159,,,,
2023/02/27,158,,,,
2023/02/28,157,,,,
2023/03/01,156,,,,
2023/03/02,155,,,,
2023/03/03,154,,,,
2023/03/04,153,,,,
2023/03/05,152,,,,
2023/03/06,151,,,,
2023/03/07,150,,,,
2023/03/08,149,,,,
2023/03/09,148,,,,
2023/03/10,148,,,,
2023/03/11,148,,,,
2023/03/12,149,,,,
2023/03/13,150,,,,
2023/03/14,151,,,,
2023/03/15,152,,,,
2023/03/16,153,,,,
2023/03/17,154,,,,
2023/03/18,155,,,,
2023/03/19,156,,,,
2023/03/20,157,,,,
2023/03/21,157,,,,
2023/03/22,158,,,,
2023/03/23,159,,,,
2023/03/24,160,,,,
2023/03/25,161,,,,
2023/03/26,162,,,,
2023/03/27,162,,,,
2023/03/28,163,,,,
2023/03/29,163,,,,
2023/03/30,164,,,,
2023/03/31,165,,,,
2023/04/01,168,,,,
2023/04/02,171,,,,
2023/04/03,176,,,,
2023/04/04,180,,,,
2023/04/05,184,,,,
2023/04/06,188,,,,
2023/04/07,193,,,,
2023/04/08,197,,,,
2023/04/09,202,,,,
2023/04/10,211,,,,
2023/04/11,223,,,,
2023/04/12,234,,,,
2023/04/13,246,,,,
2023/04/14,258,,,,
2023/04/15,270,,,,
2023/04/16,282,,,,
2023/04/17,306,,,,
2023/04/18,342,,,,
2023/04/19,378,,,,
2023/04/20,414,,,,
2023/04/21,450,,,,
2023/04/22,489,,,,
2023/04/23,529,,,,
2023/04/24,571,,,,
2023/04/25,644,,,,
2023/04/26,744,,,,
2023/04/27,838,,,,
2023/04/28,808,,,,
2023/04/29,752,,,,
2023/04/30,686,,,,
2023/05/01,650,,,,
2023/05/02,633,,,,
2023/05/03,617,,,,
2023/05/04,607,,,,
2023/05/05,613,,,,
2023/05/06,617,,,,
2023/05/07,617,,,,
2023/05/08,624,,,,
2023/05/09,636,,,,
2023/05/10,645,,,,
2023/05/11,657,,,,
2023/05/12,688,,,,
2023/05/13,765,,,,
2023/05/14,853,,,,
2023/05/15,875,,,,
2023/05/16,848,,,,
2023/05/17,812,,,,
2023/05/18,765,,,,
2023/05/19,727,,,,
2023/05/20,702,,,,
2023/05/21,693,,,,
2023/05/22,695,,,,
2023/05/23,743,,,,
2023/05/24,807,,,,
2023/05/25,840,,,,
2023/05/26,837,,,,
2023/05/27,835,,,,
2023/05/28,875,,,,
2023/05/29,982,,,,
2023/05/30,1160,,,,
2023/05/31,1150,,,,
2023/06/01,1040,,,,
2023/06/02,930,,,,
2023/06/03,847,,,,
2023/06/04,811,,,,
2023/06/05,797,,,,
2023/06/06,794,,,,
2023/06/07,790,,,,
2023/06/08,790,,,,
2023/06/09,786,,,,
2023/06/10,774,,,,
2023/06/11,759,,,,
2023/06/12,738,,,,
2023/06/13,721,,,,
2023/06/14,713,,,,
2023/06/15,701,,,,
2023/06/16,719,,,,
2023/06/17,840,,,,
2023/06/18,1050,,,,
2023/06/19,1130,,,,
2023/06/20,1130,,,,
2023/06/21,1180,,,,
2023/06/22,1360,,,,
2023/06/23,1620,,,,
2023/06/24,2490,,,,
2023/06/25,3160,,,,
2023/06/26,3730,,,,
2023/06/27,3960,,,,
2023/06/28,3690,,,,
2023/06/29,3280,,,,
2023/06/30,3010,,,,
2023/07/01,2800,,,,
2023/07/02,2580,,,,
2023/07/03,2390,,,,
2023/07/04,2250,,,,
2023/07/05,2140,,,,
2023/07/06,2030,,,,
2023/07/07,1910,,,,
2023/07/08,1790,,,,
2023/07/09,1670,,,,
2023/07/10,1540,,,,
2023/07/11,1410,,,,
2023/07/12,1290,,,,
2023/07/13,1200,,,,
2023/07/14,1130,,,,
2023/07/15,1070,,,,
2023/07/16,1020,,,,
2023/07/17,987,,,,
2023/07/18,969,,,,
2023/07/19,965,,,,
2023/07/20,967,,,,
2023/07/21,969,,,,
2023/07/22,982,,,,
2023/07/23,999,,,,
2023/07/24,1020,,,,
2023/07/25,1020,,,,
2023/07/26,986,,,,
2023/07/27,951,,,,
2023/07/28,974,,,,
2023/07/29,1050,,,,
2023/07/30,1130,,,,
2023/07/31,1210,,,,
2023/08/01,1480,,,,
2023/08/02,1610,,,,
2023/08/03,1460,,,,
2023/08/04,1310,,,,
2023/08/05,1230,,,,
2023/08/06,1150,,,,
2023/08/07,1110,,,,
2023/08/08,1090,,,,
2023/08/09,1100,,,,
2023/08/10,1070,,,,
2023/08/11,1020,,,,
2023/08/12,989,,,,
2023/08/13,994,,,,
2023/08/14,1030,,,,
2023/08/15,1080,,,,
2023/08/16,1130,,,,
2023/08/17,1110,,,,
2023/08/18,1060,,,,
2023/08/19,1000,,,,
2023/08/20,942,,,,
2023/08/21,890,,,,
2023/08/22,856,,,,
2023/08/23,835,,,,
2023/08/24,823,,,,
2023/08/25,820,,,,
2023/08/26,855,,,,
2023/08/27,920,,,,
2023/08/28,902,,,,
2023/08/29,919,,,,
2023/08/30,1130,,,,
2023/08/31,1240,,,,
2023/09/01,1210,,,,
2023/09/02,1120,,,,
2023/09/03,1030,,,,
2023/09/04,955,,,,
2023/09/05,891,,,,
2023/09/06,839,,,,
2023/09/07,802,,,,
2023/09/08,782,,,,
2023/09/09,769,,,,
2023/09/10,751,,,,
2023/09/11,726,,,,
2023/09/12,709,,,,
2023/09/13,692,,,,
2023/09/14,664,,,,
2023/09/15,642,,,,
2023/09/16,622,,,,
2023/09/17,602,,,,
2023/09/18,586,,,,
2023/09/19,572,,,,
2023/09/20,558,,,,
2023/09/21,548,,,,
2023/09/22,541,,,,
2023/09/23,529,,,,
2023/09/24,515,,,,
2023/09/25,503,,,,
2023/09/26,492,,,,
2023/09/27,486,,,,
2023/09/28,479,,,,
2023/09/29,473,,,,
2023/09/30,463,,,,
2023/10/01,455,,,,
2023/10/02,446,,,,
2023/10/03,441,,,,
2023/10/04,441,,,,
2023/10/05,444,,,,
2023/10/06,445,,,,
2023/10/07,448,,,,
2023/10/08,449,,,,
2023/10/09,453,,,,
2023/10/10,459,,,,
2023/10/11,459,,,,
2023/10/12,451,,,,
2023/10/13,441,,,,
2023/10/14,433,,,,
2023/10/15,426,,,,
2023/10/16,418,,,,
2023/10/17,410,,,,
2023/10/18,405,,,,
2023/10/19,403,,,,
2023/10/20,405,,,,
2023/10/21,417,,,,
2023/10/22,428,,,,
2023/10/23,431,,,,
2023/10/24,422,,,,
2023/10/25,407,,,,
2023/10/26,398,,,,
2023/10/27,394,,,,
2023/10/28,397,,,,
2023/10/29,400,,,,
2023/10/30,398,,,,
2023/10/31,391,,,,
2023/11/01,380,,,,
2023/11/02,376,,,,
2023/11/03,378,,,,
2023/11/04,372,,,,
2023/11/05,370,,,,
2023/11/06,364,,,,
2023/11/07,358,,,,
2023/11/08,352,,,,
2023/11/09,346,,,,
2023/11/10,340,,,,
2023/11/11,334,,,,
2023/11/12,328,,,,
2023/11/13,321,,,,
2023/11/14,315,,,,
2023/11/15,309,,,,
2023/11/16,303,,,,
2023/11/17,297,,,,
2023/11/18,291,,,,
2023/11/19,290,,,,
2023/11/20,292,,,,
2023/11/21,294,,,,
2023/11/22,296,,,,
2023/11/23,297,,,,
2023/11/24,292,,,,
2023/11/25,285,,,,
2023/11/26,279,,,,
2023/11/27,281,,,,
2023/11/28,281,,,,
2023/11/29,275,,,,
2023/11/30,269,,,,
2023/12/01,270,,,,
2023/12/02,272,,,,
2023/12/03,274,,,,
2023/12/04,275,,,,
2023/12/05,270,,,,
2023/12/06,262,,,,
2023/12/07,255,,,,
2023/12/08,248,,,,
2023/12/09,241,,,,
2023/12/10,238,,,,
2023/12/11,237,,,,
2023/12/12,231,,,,
2023/12/13,225,,,,
2023/12/14,219,,,,
2023/12/15,217,,,,
2023/12/16,221,,,,
2023/12/17,223,,,,
2023/12/18,221,,,,
2023/12/19,217,,,,
2023/12/20,216,,,,
2023/12/21,220,,,,
2023/12/22,226,,,,
2023/12/23,224,,,,
2023/12/24,217,,,,
2023/12/25,210,,,,
2023/12/26,204,,,,
2023/12/27,202,,,,
2023/12/28,202,,,,
2023/12/29,201,,,,
2023/12/30,200,,,,
2023/12/31,200,,,,
2024/01/01,199,,,,
2024/01/02,199,,,,
2024/01/03,198,,,,
2024/01/04,197,,,,
2024/01/05,197,,,,
2024/01/06,196,,,,
2024/01/07,195,,,,
2024/01/08,195,,,,
2024/01/09,193,,,,
2024/01/10,190,,,,
2024/01/11,187,,,,
2024/01/12,186,,,,
2024/01/13,189,,,,
2024/01/14,190,,,,
2024/01/15,189,,,,
2024/01/16,187,,,,
2024/01/17,184,,,,
2024/01/18,182,,,,
2024/01/19,180,,,,
2024/01/20,178,,,,
2024/01/21,176,,,,
2024/01/22,174,,,,
2024/01/23,172,,,,
2024/01/24,170,,,,
2024/01/25,168,,,,
2024/01/26,165,,,,
2024/01/27,163,,,,
2024/01/28,162,,,,
2024/01/29,162,,,,
2024/01/30,161,,,,
2024/01/31,161,,,,
2024/02/01,161,,,,
2024/02/02,161,,,,
2024/02/03,161,,,,
2024/02/04,162,,,,
2024/02/05,164,,,,
2024/02/06,165,,,,
2024/02/07,167,,,,
2024/02/08,168,,,,
2024/02/09,170,,,,
2024/02/10,171,,,,
2024/02/11,172,,,,
2024/02/12,174,,,,
2024/02/13,175,,,,
2024/02/14,177,,,,
2024/02/15,178,,,,
2024/02/16,179,,,,
2024/02/17,179,,,,
2024/02/18,177,,,,
2024/02/19,174,,,,
2024/02/20,172,,,,
2024/02/21,170,,,,
2024/02/22,167,,,,
2024/02/23,165,,,,
2024/02/24,162,,,,
2024/02/25,159,,,,
2024/02/26,157,,,,
2024/02/27,156,,,,
2024/02/28,157,,,,
2024/02/29,157,,,,
2024/03/01,150,,,,
2024/03/02,143,,,,
2024/03/03,140,,,,
2024/03/04,140,,,,
2024/03/05,139,,,,
2024/03/06,139,,,,
2024/03/07,138,,,,
2024/03/08,138,,,,
2024/03/09,138,,,,
2024/03/10,137,,,,
2024/03/11,141,,,,
2024/03/12,148,,,,
2024/03/13,154,,,,
2024/03/14,160,,,,
2024/03/15,166,,,,
2024/03/16,172,,,,
2024/03/17,178,,,,
2024/03/18,184,,,,
2024/03/19,190,,,,
2024/03/20,196,,,,
2024/03/21,202,,,,
2024/03/22,209,,,,
2024/03/23,218,,,,
2024/03/24,227,,,,
2024/03/25,236,,,,
2024/03/26,241,,,,
2024/03/27,241,,,,
2024/03/28,242,,,,
2024/03/29,250,,,,
2024/03/30,265,,,,
2024/03/31,279,,,,
2024/04/01,293,,,,
2024/04/02,307,,,,
2024/04/03,321,,,,
2024/04/04,336,,,,
2024/04/05,355,,,,
2024/04/06,374,,,,
2024/04/07,393,,,,
2024/04/08,412,,,,
2024/04/09,430,,,,
2024/04/10,449,,,,
2024/04/11,472,,,,
2024/04/12,495,,,,
2024/04/13,519,,,,
2024/04/14,543,,,,
2024/04/15,566,,,,
2024/04/16,587,,,,
2024/04/17,603,,,,
2024/04/18,619,,,,
2024/04/19,636,,,,
2024/04/20,653,,,,
2024/04/21,683,,,,
2024/04/22,783,,,,
2024/04/23,730,,,,
2024/04/24,695,,,,
2024/04/25,688,,,,
2024/04/26,708,,,,
2024/04/27,669,,,,
2024/04/28,574,,,,
2024/04/29,502,,,,
2024/04/30,464,,,,
2024/05/01,443,,,,
2024/05/02,433,,,,
2024/05/03,425,,,,
2024/05/04,422,,,,
2024/05/05,422,,,,
2024/05/06,420,,,,
2024/05/07,416,,,,
2024/05/08,418,,,,
2024/05/09,420,,,,
2024/05/10,431,,,,
2024/05/11,446,,,,
2024/05/12,475,,,,
2024/05/13,512,,,,
2024/05/14,522,,,,
2024/05/15,518,,,,
2024/05/16,524,,,,
2024/05/17,550,,,,
2024/05/18,578,,,,
2024/05/19,615,,,,
2024/05/20,678,,,,
2024/05/21,785,,,,
2024/05/22,887,,,,
2024/05/23,947,,,,
2024/05/24,960,,,,
2024/05/25,963,,,,
2024/05/26,955,,,,
2024/05/27,915,,,,
2024/05/28,871,,,,
2024/05/29,841,,,,
2024/05/30,844,,,,
2024/05/31,887,,,,
2024/06/01,900,,,,
2024/06/02,901,,,,
2024/06/03,941,,,,
2024/06/04,950,,,,
2024/06/05,931,,,,
2024/06/06,937,,,,
2024/06/07,988,,,,
2024/06/08,1030,,,,
2024/06/09,1100,,,,
2024/06/10,1190,,,,
2024/06/11,1250,,,,
2024/06/12,1280,,,,
2024/06/13,1280,,,,
2024/06/14,1250,,,,
2024/06/15,1230,,,,
2024/06/16,1240,,,,
2024/06/17,1300,,,,
2024/06/18,1380,,,,
2024/06/19,1470,,,,
2024/06/20,1530,,,,
2024/06/21,1480,,,,
2024/06/22,1400,,,,
2024/06/23,1320,,,,
2024/06/24,1250,,,,
2024/06/25,1190,,,,
2024/06/26,1140,,,,
2024/06/27,1120,,,,
2024/06/28,1090,,,,
2024/06/29,1060,,,,
2024/06/30,1040,,,,
2024/07/01,1050,,,,
2024/07/02,1090,,,,
2024/07/03,1110,,,,
2024/07/04,1210,,,,
2024/07/05,1350,,,,
2024/07/06,1360,,,,
2024/07/07,1290,,,,
2024/07/08,1240,,,,
2024/07/09,1200,,,,
2024/07/10,1160,,,,
2024/07/11,1110,,,,
2024/07/12,1030,,,,
2024/07/13,957,,,,
2024/07/14,909,,,,
2024/07/15,882,,,,
2024/07/16,873,,,,
2024/07/17,873,,,,
2024/07/18,873,,,,
2024/07/19,864,,,,
2024/07/20,837,,,,
2024/07/21,795,,,,
2024/07/22,752,,,,
2024/07/23,720,,,,
2024/07/24,693,,,,
2024/07/25,684,,,,
2024/07/26,702,,,,
2024/07/27,719,,,,
2024/07/28,741,,,,
2024/07/29,807,,,,
2024/07/30,896,,,,
2024/07/31,1010,,,,
2024/08/01,1280,,,,
2024/08/02,1310,,,,
2024/08/03,1180,,,,
2024/08/04,1070,,,,
2024/08/05,964,,,,
2024/08/06,886,,,,
2024/08/07,829,,,,
2024/08/08,785,,,,
2024/08/09,752,,,,
2024/08/10,729,,,,
2024/08/11,708,,,,
2024/08/12,697,,,,
2024/08/13,704,,,,
2024/08/14,734,,,,
2024/08/15,736,,,,
2024/08/16,706,,,,
2024/08/17,665,,,,
2024/08/18,633,,,,
2024/08/19,618,,,,
2024/08/20,617,,,,
2024/08/21,613,,,,
2024/08/22,614,,,,
2024/08/23,620,,,,
2024/08/24,620,,,,
2024/08/25,632,,,,
2024/08/26,656,,,,
2024/08/27,689,,,,
2024/08/28,693,,,,
2024/08/29,668,,,,
2024/08/30,635,,,,
2024/08/31,613,,,,
2024/09/01,649,,,,
2024/09/02,732,,,,
2024/09/03,736,,,,
2024/09/04,689,,,,
2024/09/05,658,,,,
2024/09/06,635,,,,
2024/09/07,596,,,,
2024/09/08,566,,,,
2024/09/09,549,,,,
2024/09/10,540,,,,
2024/09/11,535,,,,
2024/09/12,527,,,,
2024/09/13,512,,,,
2024/09/14,497,,,,
2024/09/15,487,,,,
2024/09/16,478,,,,
2024/09/17,472,,,,
2024/09/18,466,,,,
2024/09/19,461,,,,
2024/09/20,449,,,,
2024/09/21,431,,,,
2024/09/22,417,,,,
2024/09/23,407,,,,
2024/09/24,399,,,,
2024/09/25,394,,,,
2024/09/26,387,,,,
2024/09/27,382,,,,
2024/09/28,380,,,,
2024/09/29,379,,,,
2024/09/30,379,,,,
2024/10/01,378,,,,
2024/10/02,370,,,,
2024/10/03,369,,,,
2024/10/04,397,,,,
2024/10/05,557,,,,
2024/10/06,592,,,,
2024/10/07,551,,,,
2024/10/08,509,,,,
2024/10/09,484,,,,
2024/10/10,460,,,,
2024/10/11,441,,,,
2024/10/12,430,,,,
2024/10/13,416,,,,
2024/10/14,403,,,,
2024/10/15,393,,,,
2024/10/16,385,,,,
2024/10/17,379,,,,
2024/10/18,386,,,,
2024/10/19,412,,,,
2024/10/20,425,,,,
2024/10/21,418,,,,
2024/10/22,416,,,,
2024/10/23,413,,,,
2024/10/24,407,,,,
2024/10/25,406,,,,
2024/10/26,413,,,,
2024/10/27,417,,,,
2024/10/28,417,,,,
2024/10/29,414,,,,
2024/10/30,422,,,,
2024/10/31,436,,,,
2024/11/01,439,,,,
2024/11/02,424,,,,
2024/11/03,427,,,,
2024/11/04,408,,,,
2024/11/05,393,,,,
2024/11/06,378,,,,
2024/11/07,374,,,,
2024/11/08,374,,,,
2024/11/09,378,,,,
2024/11/10,377,,,,
2024/11/11,372,,,,
2024/11/12,366,,,,
2024/11/13,355,,,,
2024/11/14,342,,,,
2024/11/15,336,,,,
2024/11/16,338,,,,
2024/11/17,336,,,,
2024/11/18,335,,,,
2024/11/19,336,,,,
2024/11/20,337,,,,
2024/11/21,328,,,,
2024/11/22,317,,,,
2024/11/23,306,,,,
2024/11/24,295,,,,
2024/11/25,285,,,,
2024/11/26,277,,,,
2024/11/27,268,,,,
2024/11/28,263,,,,
2024/11/29,264,,,,
2024/11/30,264,,,,
2024/12/01,262,,,,
2024/12/02,261,,,,
2024/12/03,260,,,,
2024/12/04,259,,,,
2024/12/05,258,,,,
2024/12/06,260,,,,
2024/12/07,264,,,,
2024/12/08,267,,,,
2024/12/09,273,,,,
2024/12/10,280,,,,
2024/12/11,278,,,,
2024/12/12,264,,,,
2024/12/13,252,,,,
2024/12/14,252,,,,
2024/12/15,254,,,,
2024/12/16,255,,,,
2024/12/17,257,,,,
2024/12/18,259,,,,
2024/12/19,260,,,,
2024/12/20,262,,,,
2024/12/21,264,,,,
2024/12/22,263,,,,
2024/12/23,260,,,,
2024/12/24,257,,,,
2024/12/25,254,,,,
2024/12/26,251,,,,
2024/12/27,248,,,,
2024/12/28,244,,,,
2024/12/29,241,,,,
2024/12/30,238,,,,
2024/12/31,235,,,,